,NUMBER_OF_PEDESTRIANS_INJURED,NUMBER_OF_PEDESTRIANS_KILLED,NUMBER_OF_CYCLIST_INJURED,NUMBER_OF_CYCLIST_KILLED
55,0,0,1,0
59,0,0,1,0
62,0,0,1,0
136,0,0,1,0
225,0,0,1,0
230,0,0,1,0
365,0,0,0,1
432,0,0,1,0
531,0,0,1,0
610,0,0,1,0
716,0,0,1,0
733,0,0,1,0
788,0,0,1,0
806,0,0,1,0
1200,0,0,1,0
1262,0,0,1,0
1321,0,0,1,0
1347,0,0,1,0
1354,0,0,1,0
1442,0,0,1,0
1445,0,0,1,0
1518,0,0,1,0
1576,0,0,0,1
1679,0,0,1,0
1778,0,0,1,0
1784,0,0,1,0
1786,0,0,1,0
1962,0,0,1,0
1965,0,0,1,0
2000,0,0,1,0
2006,0,0,1,0
2021,0,0,1,0
2080,0,0,1,0
2254,0,0,1,0
2306,0,0,1,0
2350,0,0,1,0
2408,0,0,1,0
2412,0,0,1,0
2415,0,0,1,0
2464,0,0,1,0
2470,0,0,1,0
2525,0,0,1,0
2549,0,0,1,0
2679,0,0,1,0
2710,0,0,1,0
2717,0,0,1,0
2742,0,0,1,0
2820,0,0,1,0
2851,0,0,1,0
2913,0,0,1,0
2963,0,0,1,0
3018,0,0,1,0
3116,0,0,1,0
3125,0,0,1,0
3150,0,0,1,0
3218,0,0,1,0
3229,0,0,1,0
3371,0,0,1,0
3568,0,0,1,0
3610,0,0,1,0
3637,0,0,1,0
3802,0,0,1,0
4113,0,0,1,0
4212,0,0,1,0
4308,0,0,1,0
4330,0,0,1,0
4337,0,0,1,0
4424,0,0,1,0
4440,0,0,1,0
4449,0,0,1,0
4498,0,0,1,0
4610,0,0,1,0
4670,0,0,1,0
4713,0,0,1,0
4897,0,0,1,0
4903,0,0,1,0
4983,0,0,1,0
5138,0,0,1,0
5139,0,0,1,0
5181,0,0,1,0
5238,0,0,1,0
5511,0,0,1,0
5636,0,0,1,0
5675,0,0,1,0
5811,0,0,1,0
5858,0,0,1,0
5916,0,0,1,0
6166,0,0,1,0
6314,0,0,1,0
6319,0,0,1,0
6471,0,0,1,0
6519,0,0,1,0
6533,0,0,1,0
6562,0,0,1,0
6629,0,0,1,0
6707,0,0,1,0
6732,0,0,1,0
6833,0,0,1,0
6838,0,0,1,0
6866,0,0,1,0
6885,0,0,1,0
7019,0,0,1,0
7101,0,0,1,0
7104,0,0,1,0
7193,0,0,1,0
7206,0,0,1,0
7220,0,0,1,0
7222,0,0,1,0
7445,0,0,1,0
7514,0,0,1,0
7539,0,0,1,0
7560,0,0,1,0
7566,0,0,1,0
7631,0,0,1,0
7898,0,0,1,0
7964,0,0,1,0
8012,0,0,1,0
8056,0,0,1,0
8120,0,0,1,0
8156,0,0,1,0
8364,0,0,1,0
8386,0,0,1,0
8428,0,0,1,0
8519,0,0,1,0
8658,0,0,1,0
8740,0,0,1,0
8772,0,0,1,0
8890,0,0,1,0
8906,0,0,1,0
8952,0,0,1,0
9048,0,0,1,0
9099,0,0,1,0
9114,0,0,1,0
9117,0,0,1,0
9161,0,0,1,0
9216,0,0,1,0
9231,0,0,1,0
9317,0,0,1,0
9483,0,0,1,0
9516,0,0,1,0
9669,0,0,1,0
9679,0,0,1,0
9950,0,0,1,0
9977,0,0,1,0
10049,0,0,1,0
10085,0,0,1,0
10159,0,0,1,0
10167,0,0,1,0
10230,0,0,1,0
10287,0,0,1,0
10576,0,0,1,0
10593,0,0,1,0
10605,0,0,1,0
10660,0,0,1,0
10763,0,0,1,0
10802,0,0,1,0
10907,0,0,1,0
10945,0,0,1,0
11067,0,0,1,0
11157,0,0,1,0
11221,0,0,1,0
11617,0,0,1,0
11726,0,0,1,0
11732,0,0,1,0
11912,0,0,1,0
12102,0,0,1,0
12134,0,0,1,0
12266,0,0,1,0
12271,0,0,1,0
12335,0,0,1,0
12533,0,0,1,0
12739,0,0,1,0
12762,0,0,1,0
12782,0,0,1,0
12804,0,0,1,0
12865,0,0,1,0
12902,0,0,1,0
12915,0,0,1,0
12981,0,0,1,0
13065,0,0,1,0
13169,0,0,1,0
13234,0,0,1,0
13294,0,0,1,0
13331,0,0,1,0
13339,0,0,1,0
13361,0,0,1,0
13479,0,0,2,0
13482,0,0,1,0
13488,0,0,1,0
13542,0,0,1,0
13678,0,0,1,0
13717,0,0,1,0
13859,0,0,1,0
13869,0,0,1,0
13897,0,0,0,1
13902,0,0,1,0
14018,0,0,1,0
14204,0,0,1,0
14279,0,0,1,0
14380,1,0,1,0
14421,0,0,1,0
14440,0,0,1,0
14445,0,0,1,0
14589,0,0,1,0
14649,0,0,1,0
14709,0,0,1,0
14866,0,0,1,0
15027,0,0,1,0
15104,0,0,1,0
15172,0,0,1,0
15206,0,0,1,0
15255,0,0,1,0
15554,0,0,1,0
15560,0,0,1,0
15575,0,0,1,0
15727,0,0,1,0
15765,0,0,1,0
15829,0,0,1,0
15902,0,0,1,0
16025,0,0,1,0
16057,0,0,1,0
16163,0,0,1,0
16434,0,0,1,0
16810,0,0,1,0
17052,0,0,1,0
17113,0,0,1,0
17123,0,0,1,0
17255,0,0,1,0
17798,0,0,1,0
17818,0,0,1,0
17858,0,0,1,0
17901,0,0,1,0
17910,0,0,1,0
17917,0,0,1,0
17930,0,0,1,0
18051,0,0,1,0
18185,0,0,1,0
18218,0,0,1,0
18382,0,0,1,0
18634,0,0,1,0
18735,0,0,1,0
18747,0,0,1,0
18748,0,0,1,0
18761,0,0,1,0
18823,0,0,1,0
18893,0,0,1,0
18929,0,0,1,0
18963,0,0,1,0
18975,0,0,1,0
18986,0,0,1,0
19011,0,0,0,1
19106,0,0,1,0
19179,0,0,1,0
19246,0,0,1,0
19375,0,0,1,0
19451,0,0,1,0
19477,0,0,1,0
19659,0,0,1,0
19758,0,0,1,0
19837,0,0,1,0
19845,0,0,1,0
20019,0,0,1,0
20035,0,0,1,0
20120,0,0,1,0
20153,0,0,1,0
20164,0,0,1,0
20287,0,0,1,0
20359,0,0,1,0
20390,0,0,1,0
20438,0,0,1,0
20451,0,0,1,0
20734,0,0,1,0
20747,0,0,1,0
20775,0,0,1,0
20840,0,0,1,0
20857,0,0,1,0
20951,0,0,1,0
20967,0,0,1,0
21006,0,0,1,0
21096,0,0,1,0
21105,0,0,1,0
21107,0,0,1,0
21170,0,0,1,0
21225,0,0,1,0
21249,0,0,1,0
21582,0,0,1,0
21608,0,0,1,0
21632,0,0,1,0
21765,0,0,1,0
21940,0,0,1,0
21974,0,0,1,0
22008,0,0,1,0
22050,0,0,1,0
22223,0,0,1,0
22228,0,0,1,0
22274,0,0,1,0
22291,0,0,1,0
22349,0,0,1,0
22576,0,0,1,0
22608,0,0,1,0
22688,0,0,1,0
22704,0,0,1,0
22929,0,0,1,0
23008,0,0,1,0
23125,0,0,1,0
23165,0,0,1,0
23200,0,0,1,0
23218,0,0,1,0
23267,0,0,1,0
23372,0,0,1,0
23657,0,0,1,0
23659,0,0,1,0
23827,0,0,1,0
24006,0,0,1,0
24104,0,0,1,0
24222,0,0,1,0
24231,0,0,1,0
24292,0,0,1,0
24387,0,0,1,0
24470,0,0,1,0
24481,0,0,1,0
24527,0,0,1,0
24549,0,0,1,0
24682,0,0,1,0
24719,0,0,1,0
24763,0,0,1,0
24807,0,0,1,0
24838,0,0,1,0
24863,0,0,1,0
24880,0,0,1,0
24943,0,0,1,0
24975,0,0,1,0
25083,0,0,1,0
25120,0,0,1,0
25144,0,0,1,0
25168,0,0,1,0
25227,0,0,1,0
25232,0,0,1,0
25258,0,0,1,0
25312,0,0,1,0
25410,0,0,1,0
25414,0,0,1,0
25469,0,0,1,0
25505,1,0,1,0
25671,0,0,1,0
25723,0,0,1,0
25889,0,0,1,0
25923,0,0,1,0
25938,0,0,1,0
25946,0,0,1,0
25962,0,0,1,0
26018,0,0,1,0
26030,0,0,1,0
26075,0,0,2,0
26151,0,0,1,0
26211,0,0,1,0
26312,0,0,1,0
26338,0,0,1,0
26431,0,0,1,0
26445,0,0,1,0
26489,0,0,1,0
26551,0,0,1,0
26576,0,0,1,0
26599,0,0,1,0
26624,0,0,1,0
26644,0,0,1,0
26658,0,0,1,0
26697,0,0,1,0
26699,0,0,1,0
26747,0,0,1,0
26760,0,0,1,0
26779,0,0,1,0
26895,0,0,1,0
26900,0,0,1,0
26921,0,0,1,0
27008,0,0,1,0
27021,0,0,1,0
27181,0,0,1,0
27195,0,0,1,0
27229,0,0,1,0
27455,0,0,1,0
27642,0,0,1,0
27680,0,0,1,0
27694,0,0,1,0
27789,0,0,1,0
27815,0,0,1,0
28207,0,0,1,0
28249,0,0,1,0
28445,0,0,1,0
28451,0,0,1,0
28490,0,0,1,0
28615,0,0,1,0
28635,0,0,1,0
29026,0,0,1,0
29096,0,0,1,0
29106,0,0,1,0
29148,0,0,1,0
29377,0,0,1,0
29400,0,0,1,0
29501,0,0,1,0
29585,0,0,1,0
29668,0,0,1,0
29690,0,0,1,0
29789,0,0,1,0
29811,0,0,1,0
29846,0,0,1,0
29856,0,0,1,0
29903,0,0,1,0
29954,0,0,1,0
30065,0,0,1,0
30087,0,0,1,0
30235,0,0,1,0
30617,0,0,1,0
30675,0,0,1,0
30764,0,0,1,0
30940,0,0,1,0
30973,0,0,1,0
31189,0,0,1,0
31248,0,0,1,0
31352,0,0,1,0
31450,0,0,1,0
31453,0,0,1,0
31456,0,0,1,0
31464,0,0,1,0
31488,0,0,1,0
31523,0,0,1,0
31536,0,0,1,0
31616,0,0,1,0
31625,0,0,1,0
31707,0,0,1,0
31764,0,0,1,0
31805,0,0,1,0
31882,0,0,1,0
31958,0,0,1,0
31977,0,0,1,0
32261,0,0,1,0
32526,0,0,1,0
32551,0,0,1,0
32643,0,0,1,0
32658,0,0,0,1
32968,0,0,1,0
33046,0,0,1,0
33051,0,0,1,0
33243,0,0,1,0
33350,0,0,1,0
33590,0,0,1,0
33606,0,0,1,0
33619,0,0,1,0
33716,0,0,1,0
33797,0,0,1,0
34113,0,0,1,0
34148,0,0,1,0
34365,0,0,1,0
34694,2,0,1,0
34841,0,0,1,0
34935,0,0,1,0
35000,0,0,1,0
35022,0,0,1,0
35139,0,0,1,0
35412,0,0,1,0
35556,0,0,1,0
35659,0,0,1,0
35724,0,0,1,0
35772,0,0,1,0
35925,0,0,1,0
35955,0,0,1,0
35967,0,0,1,0
36079,0,0,1,0
36233,0,0,1,0
36243,0,0,1,0
36309,0,0,1,0
36377,0,0,1,0
36523,0,0,1,0
36560,0,0,1,0
36629,0,0,1,0
36778,0,0,1,0
36937,1,0,1,0
37083,0,0,1,0
37190,0,0,1,0
37485,0,0,1,0
37500,0,0,1,0
37600,0,0,1,0
37717,0,0,1,0
37765,0,0,1,0
37807,0,0,1,0
37810,0,0,1,0
37843,0,0,1,0
37897,0,0,1,0
37946,0,0,1,0
37968,0,0,1,0
37971,0,0,1,0
38100,0,0,1,0
38109,0,0,1,0
38184,0,0,1,0
38545,0,0,1,0
38569,0,0,1,0
38582,0,0,1,0
38890,0,0,1,0
38933,0,0,1,0
38979,0,0,1,0
39048,0,0,1,0
39125,0,0,1,0
39276,0,0,1,0
39327,0,0,1,0
39355,0,0,1,0
39360,0,0,1,0
39374,0,0,1,0
39641,0,0,1,0
39786,0,0,1,0
39888,0,0,1,0
39928,0,0,1,0
39933,0,0,1,0
39961,0,0,1,0
40146,0,0,1,0
40165,0,0,1,0
40169,0,0,1,0
40377,0,0,1,0
40474,0,0,1,0
40512,0,0,1,0
40635,0,0,1,0
40656,0,0,1,0
40679,0,0,1,0
40750,0,0,1,0
40811,0,0,1,0
40828,0,0,1,0
40893,0,0,1,0
40992,0,0,1,0
41152,0,0,0,1
41223,0,0,1,0
41234,0,0,1,0
41277,0,0,1,0
41334,0,0,1,0
41338,0,0,1,0
41398,0,0,1,0
41408,0,0,1,0
41437,0,0,1,0
41514,0,0,1,0
41620,0,0,1,0
41684,0,0,1,0
41712,0,0,1,0
41742,0,0,1,0
41769,0,0,1,0
41860,0,0,1,0
41892,0,0,1,0
41918,0,0,1,0
41956,0,0,1,0
42015,0,0,1,0
42035,0,0,1,0
42038,0,0,1,0
42064,0,0,1,0
42073,0,0,1,0
42161,0,0,1,0
42198,0,0,1,0
42288,0,0,1,0
42323,0,0,1,0
42373,0,0,1,0
42377,0,0,1,0
42506,0,0,1,0
42558,0,0,1,0
42654,0,0,1,0
42736,0,0,1,0
42778,0,0,1,0
42789,0,0,1,0
42804,0,0,1,0
42810,0,0,1,0
42887,0,0,1,0
42946,0,0,1,0
43031,0,0,1,0
43111,0,0,1,0
43147,0,0,1,0
43177,0,0,1,0
43182,0,0,1,0
43298,0,0,1,0
43324,0,0,1,0
43376,0,0,1,0
43399,0,0,1,0
43500,0,0,1,0
43503,0,0,1,0
43512,0,0,1,0
43607,0,0,1,0
43685,0,0,1,0
43715,0,0,1,0
43721,0,0,1,0
43782,0,0,1,0
43796,0,0,1,0
43806,0,0,1,0
43811,0,0,1,0
43879,0,0,1,0
44092,0,0,1,0
44110,0,0,1,0
44116,0,0,1,0
44160,0,0,1,0
44227,0,0,1,0
44306,0,0,1,0
44367,0,0,1,0
44368,0,0,1,0
44432,0,0,1,0
44453,0,0,1,0
44479,0,0,1,0
44546,0,0,1,0
44645,0,0,1,0
44699,0,0,1,0
44744,0,0,1,0
44851,0,0,1,0
44900,0,0,1,0
44924,0,0,1,0
44956,0,0,1,0
44962,0,0,1,0
44978,0,0,1,0
45124,0,0,1,0
45337,0,0,1,0
45388,0,0,1,0
45391,0,0,1,0
45408,0,0,1,0
45677,0,0,1,0
45989,0,0,1,0
45998,0,0,1,0
46010,0,0,1,0
46328,0,0,1,0
46492,0,0,1,0
46540,0,0,1,0
46588,0,0,1,0
46675,0,0,1,0
46769,0,0,1,0
46827,0,0,1,0
46921,0,0,1,0
47008,0,0,1,0
47072,0,0,1,0
47177,0,0,1,0
47250,0,0,1,0
47283,0,0,1,0
47327,0,0,1,0
47354,0,0,1,0
47443,0,0,1,0
47484,0,0,1,0
47518,0,0,1,0
47606,0,0,1,0
47618,0,0,1,0
47687,0,0,1,0
47713,0,0,1,0
47736,0,0,1,0
47774,0,0,1,0
47973,0,0,1,0
48059,0,0,1,0
48334,0,0,1,0
48364,0,0,1,0
48381,0,0,1,0
48397,0,0,1,0
48407,0,0,1,0
48477,0,0,1,0
48522,0,0,1,0
48565,0,0,1,0
48652,0,0,1,0
48727,0,0,1,0
48750,0,0,1,0
48752,0,0,1,0
48772,0,0,1,0
48774,0,0,1,0
49026,0,0,1,0
49089,0,0,1,0
49103,0,0,1,0
49124,0,0,1,0
49179,0,0,1,0
49224,0,0,1,0
49242,0,0,1,0
49253,0,0,1,0
49263,0,0,1,0
49322,0,0,1,0
49331,0,0,1,0
49336,0,0,1,0
49339,0,0,1,0
49380,0,0,1,0
49390,0,0,1,0
49504,0,0,1,0
49533,0,0,1,0
49564,0,0,1,0
49575,0,0,1,0
49633,0,0,1,0
49634,0,0,1,0
49645,0,0,1,0
49649,0,0,1,0
49755,0,0,1,0
49771,0,0,1,0
49781,0,0,1,0
49793,0,0,1,0
49848,0,0,1,0
49945,0,0,1,0
49952,0,0,1,0
50010,0,0,1,0
50059,0,0,1,0
50189,0,0,1,0
50256,0,0,1,0
50337,0,0,1,0
50430,0,0,1,0
50491,0,0,1,0
50520,0,0,1,0
50567,0,0,1,0
50574,0,0,1,0
50616,0,0,1,0
50673,0,0,1,0
50706,0,0,1,0
50761,0,0,1,0
50798,0,0,1,0
50853,0,0,1,0
50876,0,0,1,0
50929,0,0,1,0
51109,0,0,1,0
51125,0,0,1,0
51250,0,0,1,0
51465,0,0,1,0
51584,0,0,1,0
51589,0,0,1,0
51643,0,0,1,0
51740,0,0,1,0
51766,0,0,1,0
51772,0,0,1,0
51826,0,0,1,0
51848,0,0,1,0
51932,0,0,1,0
51999,0,0,1,0
52031,0,0,1,0
52042,0,0,1,0
52044,0,0,1,0
52143,0,0,1,0
52165,0,0,1,0
52315,0,0,1,0
52378,0,0,1,0
52382,0,0,1,0
52457,0,0,1,0
52479,0,0,1,0
52514,0,0,1,0
52559,0,0,1,0
52601,0,0,1,0
52669,0,0,1,0
52724,0,0,1,0
52940,0,0,1,0
52943,0,0,1,0
53086,0,0,0,1
53093,0,0,1,0
53231,0,0,1,0
53380,0,0,1,0
53391,0,0,1,0
53453,0,0,1,0
53461,0,0,1,0
53468,0,0,1,0
53489,0,0,1,0
53526,0,0,1,0
53532,0,0,1,0
53553,0,0,1,0
53706,0,0,1,0
53750,0,0,1,0
53765,0,0,1,0
53891,0,0,1,0
53897,0,0,1,0
53933,0,0,1,0
53934,0,0,1,0
53954,0,0,1,0
54017,0,0,1,0
54108,0,0,1,0
54194,0,0,1,0
54220,0,0,1,0
54256,0,0,1,0
54273,0,0,1,0
54276,0,0,1,0
54293,0,0,1,0
54339,0,0,1,0
54369,0,0,1,0
54370,0,0,1,0
54383,0,0,1,0
54395,0,0,1,0
54405,0,0,1,0
54487,0,0,1,0
54514,0,0,1,0
54529,0,0,1,0
54599,0,0,1,0
54695,0,0,1,0
54704,0,0,1,0
54717,0,0,1,0
54739,0,0,1,0
54820,0,0,1,0
54870,0,0,1,0
54882,0,0,1,0
54927,0,0,1,0
54940,0,0,1,0
54974,0,0,1,0
55016,0,0,1,0
55081,0,0,1,0
55082,0,0,1,0
55092,0,0,1,0
55292,0,0,1,0
55314,0,0,1,0
55315,0,0,1,0
55367,0,0,1,0
55382,0,0,1,0
55396,0,0,1,0
55452,0,0,1,0
55474,0,0,1,0
55537,0,0,1,0
55587,0,0,1,0
55671,0,0,1,0
55764,0,0,1,0
55780,0,0,1,0
55822,0,0,3,0
55863,0,0,1,0
55874,0,0,1,0
55920,0,0,1,0
55945,0,0,1,0
55978,0,0,1,0
56056,0,0,1,0
56074,0,0,1,0
56122,0,0,1,0
56255,0,0,1,0
56270,0,0,1,0
56328,0,0,1,0
56377,0,0,1,0
56386,0,0,1,0
56420,0,0,1,0
56472,0,0,1,0
56573,0,0,1,0
56659,0,0,1,0
56687,0,0,1,0
56752,0,0,1,0
56768,0,0,1,0
56823,0,0,1,0
56851,0,0,1,0
56852,0,0,1,0
56873,0,0,1,0
56901,0,0,1,0
56989,0,0,1,0
57016,0,0,1,0
57027,0,0,1,0
57125,0,0,1,0
57167,0,0,1,0
57216,0,0,1,0
57302,0,0,1,0
57362,0,0,1,0
57403,0,0,1,0
57414,0,0,1,0
57422,0,0,1,0
57423,0,0,1,0
57431,0,0,1,0
57551,0,0,1,0
57576,0,0,1,0
57608,0,0,1,0
57707,0,0,1,0
57894,0,0,1,0
57916,0,0,1,0
57922,0,0,1,0
57980,0,0,1,0
57986,0,0,1,0
58035,0,0,1,0
58060,0,0,1,0
58063,0,0,1,0
58120,0,0,1,0
58122,0,0,1,0
58133,0,0,1,0
58184,0,0,1,0
58229,0,0,1,0
58266,0,0,1,0
58289,0,0,1,0
58322,0,0,1,0
58339,0,0,1,0
58365,0,0,1,0
58389,0,0,1,0
58545,0,0,1,0
58547,0,0,1,0
58577,0,0,1,0
58592,0,0,1,0
58595,0,0,1,0
58681,0,0,1,0
58725,0,0,1,0
58757,0,0,1,0
58811,0,0,1,0
58839,0,0,1,0
58907,0,0,1,0
58915,0,0,1,0
59017,0,0,1,0
59126,0,0,1,0
59157,0,0,1,0
59203,0,0,1,0
59206,0,0,1,0
59209,0,0,1,0
59222,0,0,1,0
59294,0,0,1,0
59295,0,0,1,0
59304,0,0,1,0
59335,0,0,1,0
59376,0,0,1,0
59545,0,0,1,0
59715,0,0,1,0
59727,0,0,1,0
59744,0,0,1,0
59788,0,0,1,0
59819,0,0,1,0
59891,0,0,1,0
59999,0,0,1,0
60024,0,0,1,0
60042,0,0,1,0
60113,0,0,1,0
60158,0,0,1,0
60174,0,0,1,0
60313,0,0,1,0
60317,0,0,1,0
60328,0,0,1,0
60357,0,0,0,1
60437,0,0,1,0
60456,0,0,1,0
60554,0,0,1,0
60671,0,0,2,0
60702,0,0,1,0
60736,0,0,1,0
60754,0,0,1,0
60771,0,0,1,0
60789,0,0,1,0
60834,0,0,1,0
60864,0,0,1,0
61079,0,0,1,0
61127,1,0,1,0
61280,0,0,1,0
61296,0,0,1,0
61335,0,0,1,0
61363,0,0,1,0
61432,0,0,1,0
61440,0,0,1,0
61454,0,0,1,0
61458,0,0,1,0
61498,0,0,1,0
61570,0,0,1,0
61593,0,0,1,0
61616,0,0,1,0
61675,0,0,1,0
61696,0,0,1,0
61795,0,0,1,0
61803,0,0,1,0
61830,0,0,1,0
61839,0,0,1,0
61888,0,0,1,0
61924,0,0,1,0
61947,0,0,1,0
61978,0,0,1,0
62098,1,0,1,0
62118,0,0,1,0
62121,0,0,1,0
62161,0,0,1,0
62169,0,0,1,0
62206,0,0,1,0
62235,0,0,1,0
62311,1,0,1,0
62313,0,0,1,0
62414,0,0,1,0
62436,0,0,1,0
62451,0,0,1,0
62464,0,0,1,0
62467,0,0,1,0
62477,0,0,1,0
62479,0,0,1,0
62480,0,0,1,0
62519,0,0,1,0
62528,0,0,1,0
62594,0,0,1,0
62674,0,0,1,0
62683,0,0,1,0
62708,0,0,1,0
62785,0,0,1,0
62843,0,0,1,0
62985,0,0,1,0
63029,0,0,1,0
63070,0,0,1,0
63113,0,0,1,0
63142,0,0,1,0
63195,0,0,1,0
63237,0,0,1,0
63267,0,0,1,0
63389,0,0,1,0
63435,0,0,1,0
63498,0,0,1,0
63503,0,0,1,0
63509,0,0,1,0
63527,0,0,1,0
63570,0,0,1,0
63585,0,0,1,0
63660,0,0,1,0
63794,0,0,1,0
63796,0,0,1,0
63810,0,0,1,0
63814,0,0,1,0
63864,0,0,1,0
63880,0,0,1,0
63884,0,0,1,0
63890,0,0,1,0
63914,0,0,1,0
63940,0,0,1,0
63951,0,0,1,0
63994,0,0,1,0
64026,0,0,1,0
64036,0,0,1,0
64055,0,0,1,0
64065,0,0,1,0
64080,0,0,1,0
64108,0,0,1,0
64118,0,0,1,0
64178,0,0,1,0
64210,0,0,1,0
64215,0,0,1,0
64222,0,0,1,0
64231,0,0,1,0
64239,0,0,1,0
64270,0,0,1,0
64463,0,0,1,0
64483,0,0,1,0
64511,0,0,1,0
64516,0,0,1,0
64555,0,0,1,0
64559,0,0,1,0
64560,0,0,1,0
64591,0,0,1,0
64619,0,0,1,0
64647,0,0,1,0
64723,0,0,1,0
64762,0,0,1,0
64794,0,0,1,0
64811,0,0,1,0
64894,0,0,1,0
64939,0,0,1,0
64996,0,0,1,0
65075,0,0,1,0
65332,0,0,1,0
65381,0,0,1,0
65405,0,0,1,0
65563,0,0,0,1
65571,0,0,1,0
65685,0,0,1,0
65749,0,0,1,0
65764,0,0,1,0
65780,0,0,1,0
65868,0,0,1,0
65893,0,0,1,0
65904,0,0,1,0
65966,0,0,1,0
65981,0,0,1,0
66026,0,0,1,0
66080,0,0,1,0
66086,0,0,1,0
66109,0,0,1,0
66115,0,0,1,0
66134,0,0,1,0
66151,0,0,1,0
66159,0,0,1,0
66192,0,0,1,0
66209,0,0,1,0
66235,0,0,1,0
66244,0,0,1,0
66311,0,0,1,0
66338,0,0,1,0
66365,0,0,1,0
66443,0,0,1,0
66474,0,0,1,0
66512,0,0,1,0
66570,0,0,1,0
66672,0,0,1,0
66693,0,0,1,0
66757,0,0,1,0
66769,0,0,1,0
66782,0,0,1,0
66833,0,0,1,0
66848,0,0,1,0
66923,0,0,1,0
66947,0,0,1,0
66949,0,0,1,0
66991,0,0,1,0
67041,0,0,1,0
67044,0,0,1,0
67110,0,0,1,0
67136,0,0,1,0
67193,0,0,1,0
67242,0,0,1,0
67260,0,0,1,0
67280,0,0,1,0
67289,0,0,1,0
67303,0,0,1,0
67355,0,0,1,0
67398,0,0,1,0
67433,0,0,1,0
67539,0,0,1,0
67612,0,0,1,0
67643,0,0,1,0
67715,0,0,1,0
67799,0,0,1,0
67834,0,0,1,0
67870,0,0,1,0
67877,0,0,1,0
67898,0,0,1,0
68041,0,0,1,0
68048,0,0,1,0
68136,0,0,1,0
68188,0,0,1,0
68212,0,0,1,0
68263,0,0,1,0
68292,0,0,1,0
68407,0,0,1,0
68425,0,0,1,0
68465,0,0,1,0
68590,0,0,1,0
68612,0,0,1,0
68719,0,0,1,0
68797,0,0,1,0
68823,0,0,1,0
68889,0,0,1,0
68940,0,0,1,0
68997,0,0,1,0
69101,0,0,1,0
69127,0,0,1,0
69209,0,0,1,0
69244,0,0,1,0
69299,0,0,1,0
69308,0,0,1,0
69373,0,0,1,0
69380,0,0,1,0
69479,0,0,1,0
69524,0,0,1,0
69608,0,0,1,0
69697,0,0,1,0
69762,0,0,1,0
69799,0,0,1,0
69804,0,0,1,0
69809,0,0,1,0
69875,0,0,1,0
69877,0,0,1,0
69917,0,0,1,0
69920,0,0,1,0
69982,0,0,1,0
70024,0,0,1,0
70027,0,0,1,0
70051,0,0,1,0
70055,0,0,1,0
70059,0,0,1,0
70129,0,0,1,0
70138,0,0,1,0
70187,0,0,1,0
70247,0,0,1,0
70268,0,0,1,0
70285,0,0,1,0
70350,0,0,1,0
70358,0,0,1,0
70376,0,0,1,0
70399,0,0,1,0
70408,0,0,1,0
70547,0,0,1,0
70586,0,0,1,0
70674,0,0,1,0
70701,0,0,1,0
70828,0,0,1,0
70832,0,0,1,0
70839,0,0,1,0
71013,0,0,1,0
71026,0,0,1,0
71044,0,0,1,0
71047,0,0,1,0
71051,0,0,1,0
71183,0,0,1,0
71235,0,0,1,0
71253,0,0,1,0
71275,0,0,1,0
71303,0,0,1,0
71312,0,0,1,0
71340,0,0,1,0
71350,0,0,1,0
71365,0,0,1,0
71402,0,0,1,0
71414,0,0,1,0
71439,0,0,1,0
71460,0,0,1,0
71468,0,0,1,0
71564,0,0,1,0
71579,0,0,1,0
71664,0,0,1,0
71691,0,0,1,0
71739,0,0,1,0
71764,0,0,1,0
71786,0,0,1,0
71804,0,0,1,0
71836,0,0,1,0
71871,0,0,1,0
71874,0,0,1,0
71898,0,0,1,0
71957,0,0,1,0
71959,0,0,1,0
71969,0,0,1,0
72014,0,0,1,0
72153,0,0,1,0
72181,0,0,1,0
72182,0,0,1,0
72260,0,0,1,0
72392,0,0,1,0
72398,0,0,1,0
72400,0,0,1,0
72436,0,0,1,0
72441,0,0,1,0
72551,0,0,1,0
72581,0,0,1,0
72691,0,0,1,0
72696,0,0,1,0
72705,0,0,1,0
72775,0,0,1,0
72806,0,0,1,0
72831,0,0,1,0
72857,0,0,1,0
72905,0,0,1,0
72913,0,0,1,0
72921,0,0,1,0
72970,0,0,1,0
72986,0,0,1,0
72991,0,0,1,0
73044,0,0,1,0
73145,0,0,1,0
73152,0,0,1,0
73200,0,0,1,0
73249,0,0,1,0
73261,0,0,1,0
73422,0,0,1,0
73437,0,0,1,0
73532,0,0,1,0
73731,0,0,1,0
73766,0,0,1,0
73767,0,0,1,0
73776,0,0,1,0
73844,0,0,1,0
73873,0,0,1,0
73877,0,0,1,0
73895,0,0,1,0
73902,0,0,1,0
73915,1,0,1,0
73950,0,0,1,0
74060,0,0,1,0
74100,0,0,1,0
74133,0,0,0,1
74208,0,0,1,0
74282,0,0,1,0
74368,0,0,1,0
74390,0,0,0,1
74565,0,0,1,0
74609,0,0,1,0
74632,0,0,1,0
74664,0,0,1,0
74904,0,0,1,0
75265,0,0,1,0
75379,0,0,1,0
75399,0,0,1,0
75423,0,0,1,0
75618,0,0,1,0
75728,0,0,1,0
75787,0,0,1,0
75798,0,0,1,0
75857,0,0,1,0
75886,0,0,1,0
75992,0,0,1,0
76068,0,0,1,0
76079,0,0,1,0
76080,0,0,1,0
76107,0,0,1,0
76117,0,0,1,0
76203,0,0,1,0
76235,0,0,1,0
76236,0,0,1,0
76281,0,0,1,0
76413,0,0,1,0
76434,0,0,1,0
76447,0,0,1,0
76588,0,0,1,0
76614,0,0,1,0
76689,0,0,1,0
76690,0,0,1,0
76701,0,0,0,1
76710,0,0,1,0
76765,0,0,1,0
76802,0,0,1,0
76889,0,0,1,0
76893,0,0,1,0
76895,0,0,1,0
76972,0,0,1,0
77061,0,0,1,0
77084,0,0,1,0
77109,0,0,1,0
77111,0,0,1,0
77218,0,0,1,0
77283,0,0,1,0
77325,0,0,1,0
77507,0,0,1,0
77527,0,0,1,0
77714,0,0,1,0
77730,0,0,1,0
77733,0,0,1,0
77742,0,0,1,0
77780,0,0,1,0
77816,0,0,1,0
77819,0,0,1,0
77860,0,0,1,0
77903,0,0,1,0
77974,0,0,1,0
78031,0,0,1,0
78084,0,0,1,0
78103,0,0,1,0
78135,0,0,1,0
78178,0,0,1,0
78208,0,0,1,0
78259,0,0,1,0
78264,0,0,1,0
78273,0,0,1,0
78275,1,0,1,0
78313,0,0,1,0
78319,0,0,1,0
78403,0,0,1,0
78475,0,0,1,0
78512,0,0,1,0
78526,0,0,1,0
78579,0,0,1,0
78581,0,0,1,0
78608,0,0,1,0
78622,0,0,1,0
78638,0,0,1,0
78640,0,0,1,0
78644,0,0,1,0
78702,0,0,1,0
78753,0,0,1,0
78771,0,0,1,0
78816,0,0,1,0
78845,0,0,1,0
78859,0,0,1,0
78875,0,0,1,0
78879,0,0,1,0
78884,0,0,1,0
78892,0,0,1,0
78911,0,0,1,0
78931,0,0,1,0
78984,0,0,1,0
79002,0,0,1,0
79051,0,0,1,0
79076,0,0,1,0
79124,0,0,1,0
79137,0,0,1,0
79149,0,0,1,0
79155,0,0,1,0
79184,0,0,1,0
79201,0,0,1,0
79230,0,0,1,0
79239,0,0,1,0
79277,0,0,1,0
79289,0,0,1,0
79298,0,0,1,0
79321,0,0,1,0
79327,0,0,1,0
79329,0,0,1,0
79357,0,0,1,0
79360,0,0,1,0
79371,0,0,1,0
79427,0,0,1,0
79451,0,0,1,0
79495,0,0,1,0
79538,0,0,1,0
79546,0,0,1,0
79609,0,0,1,0
79621,0,0,1,0
79663,0,0,1,0
79678,0,0,1,0
79710,0,0,1,0
79733,0,0,1,0
79764,0,0,1,0
79816,0,0,1,0
79854,0,0,1,0
79886,0,0,1,0
79914,0,0,1,0
79952,0,0,1,0
79993,0,0,1,0
80013,0,0,1,0
80081,0,0,1,0
80084,0,0,1,0
80096,0,0,1,0
80135,0,0,1,0
80160,0,0,1,0
80166,0,0,1,0
80306,0,0,1,0
80310,0,0,1,0
80335,0,0,1,0
80336,0,0,1,0
80342,0,0,1,0
80361,0,0,1,0
80370,0,0,1,0
80372,0,0,1,0
80422,0,0,1,0
80465,0,0,1,0
80483,0,0,1,0
80503,0,0,1,0
80541,0,0,1,0
80546,0,0,1,0
80573,0,0,1,0
80602,0,0,1,0
80679,0,0,1,0
80687,0,0,1,0
80692,0,0,1,0
80737,0,0,1,0
80743,0,0,1,0
80748,0,0,1,0
80749,0,0,1,0
80845,0,0,1,0
80849,0,0,1,0
80896,0,0,1,0
80971,0,0,1,0
81010,0,0,1,0
81118,0,0,1,0
81135,0,0,1,0
81160,0,0,1,0
81167,0,0,1,0
81168,0,0,1,0
81199,0,0,1,0
81231,0,0,1,0
81417,0,0,1,0
81433,0,0,1,0
81464,0,0,1,0
81467,0,0,1,0
81502,0,0,1,0
81512,0,0,1,0
81516,0,0,1,0
81530,0,0,1,0
81578,0,0,1,0
81606,0,0,1,0
81774,0,0,1,0
81784,0,0,1,0
81832,0,0,1,0
81912,0,0,1,0
81921,0,0,1,0
81942,0,0,1,0
81965,0,0,1,0
82122,0,0,1,0
82160,0,0,1,0
82173,0,0,1,0
82247,0,0,1,0
82316,0,0,1,0
82357,0,0,1,0
82376,0,0,1,0
82404,0,0,1,0
82412,0,0,1,0
82430,0,0,1,0
82438,0,0,1,0
82440,0,0,1,0
82462,0,0,1,0
82574,0,0,1,0
82651,0,0,1,0
82663,0,0,1,0
82701,0,0,1,0
82750,0,0,1,0
82825,0,0,1,0
82853,0,0,1,0
82938,0,0,1,0
82957,0,0,1,0
82999,0,0,1,0
83052,0,0,1,0
83062,0,0,1,0
83150,0,0,1,0
83189,0,0,1,0
83198,0,0,1,0
83217,0,0,1,0
83247,0,0,1,0
83287,0,0,1,0
83340,0,0,1,0
83347,0,0,1,0
83393,0,0,1,0
83396,0,0,1,0
83421,0,0,1,0
83475,0,0,1,0
83499,0,0,1,0
83670,0,0,2,0
83753,0,0,1,0
83830,0,0,1,0
83849,0,0,1,0
83897,0,0,1,0
83937,0,0,1,0
83945,0,0,1,0
83949,0,0,1,0
83970,0,0,1,0
83974,0,0,1,0
83987,0,0,1,0
84041,0,0,1,0
84055,0,0,1,0
84068,0,0,1,0
84094,0,0,1,0
84118,0,0,1,0
84134,0,0,1,0
84162,0,0,1,0
84166,0,0,1,0
84182,0,0,1,0
84186,0,0,1,0
84211,0,0,1,0
84218,0,0,1,0
84226,0,0,1,0
84249,0,0,1,0
84300,0,0,1,0
84313,0,0,1,0
84332,0,0,1,0
84335,0,0,1,0
84547,0,0,1,0
84596,0,0,1,0
84632,0,0,1,0
84692,0,0,1,0
84734,0,0,1,0
84819,0,0,1,0
84833,0,0,1,0
84893,0,0,1,0
85004,0,0,1,0
85051,0,0,1,0
85141,0,0,1,0
85176,0,0,1,0
85184,0,0,1,0
85265,0,0,1,0
85285,0,0,1,0
85289,0,0,1,0
85304,0,0,1,0
85497,0,0,1,0
85527,0,0,1,0
85585,0,0,1,0
85635,0,0,1,0
85657,0,0,1,0
85724,0,0,1,0
85744,0,0,1,0
85791,0,0,1,0
85820,0,0,1,0
85862,0,0,1,0
85915,0,0,1,0
85922,0,0,1,0
86050,0,0,1,0
86054,0,0,1,0
86146,0,0,1,0
86147,0,0,1,0
86175,0,0,1,0
86183,0,0,1,0
86240,0,0,1,0
86253,0,0,1,0
86369,0,0,1,0
86544,1,0,1,0
86574,0,0,1,0
86589,0,0,1,0
86607,0,0,1,0
86624,0,0,1,0
86646,0,0,1,0
86662,0,0,1,0
86728,0,0,1,0
86737,0,0,1,0
86769,0,0,1,0
86789,0,0,1,0
86791,0,0,1,0
86800,0,0,1,0
86802,0,0,1,0
86809,0,0,1,0
86832,0,0,1,0
86847,0,0,1,0
86894,0,0,1,0
86971,0,0,1,0
86993,0,0,1,0
86995,0,0,1,0
87012,0,0,1,0
87052,0,0,1,0
87110,0,0,1,0
87131,0,0,1,0
87152,0,0,1,0
87179,0,0,1,0
87187,0,0,1,0
87243,0,0,1,0
87325,0,0,1,0
87384,0,0,1,0
87455,0,0,1,0
87476,0,0,1,0
87495,0,0,1,0
87513,0,0,1,0
87617,0,0,1,0
87692,0,0,1,0
87747,0,0,1,0
87767,0,0,1,0
87780,0,0,1,0
87833,0,0,1,0
87860,0,0,1,0
87881,0,0,1,0
87905,0,0,1,0
87908,1,0,1,0
87910,0,0,1,0
87951,0,0,1,0
87966,0,0,1,0
87984,0,0,1,0
87986,0,0,1,0
88108,0,0,1,0
88109,0,0,1,0
88130,0,0,1,0
88153,0,0,1,0
88182,0,0,1,0
88187,0,0,1,0
88208,0,0,1,0
88210,0,0,1,0
88249,0,0,1,0
88271,0,0,1,0
88273,0,0,1,0
88323,0,0,1,0
88399,0,0,1,0
88432,0,0,1,0
88458,0,0,1,0
88517,0,0,1,0
88524,0,0,1,0
88536,0,0,1,0
88560,0,0,1,0
88570,0,0,1,0
88600,0,0,1,0
88601,0,0,1,0
88638,0,0,1,0
88642,0,0,1,0
88646,0,0,1,0
88661,0,0,1,0
88697,0,0,1,0
88718,0,0,1,0
88816,0,0,1,0
88822,0,0,1,0
88887,0,0,1,0
88890,0,0,1,0
88909,0,0,1,0
88942,0,0,1,0
88968,0,0,1,0
88984,0,0,1,0
88998,0,0,1,0
88999,0,0,1,0
89079,0,0,1,0
89144,0,0,1,0
89145,0,0,1,0
89157,0,0,1,0
89288,0,0,1,0
89305,0,0,1,0
89320,0,0,1,0
89355,0,0,1,0
89369,0,0,1,0
89392,0,0,1,0
89394,0,0,1,0
89396,0,0,1,0
89405,0,0,1,0
89421,0,0,2,0
89428,0,0,1,0
89465,0,0,1,0
89505,0,0,1,0
89557,0,0,1,0
89587,0,0,1,0
89591,0,0,1,0
89594,0,0,1,0
89630,0,0,1,0
89673,0,0,1,0
89711,0,0,1,0
89718,0,0,1,0
89739,0,0,1,0
89775,0,0,1,0
89784,0,0,1,0
89801,0,0,1,0
89816,0,0,1,0
89819,0,0,1,0
89904,0,0,1,0
90107,0,0,1,0
90233,0,0,1,0
90290,0,0,1,0
90373,0,0,1,0
90381,0,0,1,0
90527,0,0,1,0
90537,0,0,1,0
90556,0,0,1,0
90576,0,0,1,0
90671,0,0,2,0
90676,0,0,1,0
90692,0,0,1,0
90710,0,0,1,0
90726,0,0,1,0
90728,0,0,1,0
90746,0,0,1,0
90769,0,0,1,0
90812,0,0,1,0
90834,0,0,1,0
90968,0,0,1,0
91007,1,0,1,0
91024,0,0,1,0
91063,0,0,1,0
91131,0,0,1,0
91143,0,0,1,0
91154,0,0,1,0
91163,0,0,1,0
91198,0,0,1,0
91218,0,0,1,0
91236,0,0,1,0
91244,0,0,1,0
91256,0,0,1,0
91274,0,0,1,0
91275,0,0,1,0
91301,0,0,1,0
91325,0,0,1,0
91332,0,0,1,0
91375,0,0,1,0
91488,0,0,1,0
91527,0,0,1,0
91613,0,0,1,0
91616,0,0,1,0
91658,0,0,1,0
91703,0,0,1,0
91708,0,0,1,0
91741,0,0,1,0
91763,0,0,1,0
91775,0,0,1,0
91779,0,0,1,0
91788,0,0,1,0
91806,0,0,1,0
91848,0,0,1,0
91856,0,0,1,0
91864,0,0,1,0
91980,0,0,1,0
91984,0,0,1,0
91994,0,0,1,0
92008,0,0,1,0
92010,0,0,1,0
92011,0,0,1,0
92036,0,0,1,0
92045,0,0,1,0
92093,0,0,1,0
92094,0,0,2,0
92152,0,0,1,0
92161,0,0,1,0
92205,0,0,1,0
92218,0,0,1,0
92219,0,0,1,0
92230,0,0,1,0
92326,0,0,1,0
92340,0,0,1,0
92346,0,0,1,0
92358,0,0,1,0
92362,0,0,1,0
92370,0,0,1,0
92377,0,0,1,0
92407,0,0,1,0
92435,0,0,1,0
92517,0,0,1,0
92524,0,0,1,0
92573,0,0,1,0
92604,0,0,1,0
92632,0,0,1,0
92658,0,0,1,0
92671,0,0,1,0
92685,0,0,0,1
92702,0,0,1,0
92740,0,0,1,0
92792,0,0,1,0
92834,0,0,1,0
93014,0,0,1,0
93017,0,0,1,0
93119,0,0,1,0
93172,0,0,1,0
93416,0,0,1,0
93430,0,0,1,0
93437,0,0,1,0
93449,0,0,1,0
93468,0,0,1,0
93489,0,0,1,0
93506,0,0,1,0
93530,0,0,1,0
93651,0,0,1,0
93718,0,0,1,0
93757,0,0,1,0
93785,0,0,1,0
93786,0,0,1,0
93824,0,0,1,0
93838,0,0,1,0
94012,0,0,1,0
94060,1,0,1,0
94125,0,0,1,0
94146,0,0,1,0
94198,0,0,1,0
94215,0,0,1,0
94297,0,0,1,0
94303,0,0,1,0
94335,0,0,1,0
94368,0,0,1,0
94409,0,0,1,0
94428,0,0,1,0
94431,0,0,1,0
94445,0,0,1,0
94451,0,0,1,0
94456,0,0,1,0
94530,0,0,1,0
94539,0,0,1,0
94559,0,0,1,0
94610,0,0,1,0
94683,0,0,1,0
94687,0,0,1,0
94698,0,0,1,0
94705,0,0,1,0
94720,0,0,1,0
94724,0,0,1,0
94732,0,0,1,0
94809,0,0,1,0
94813,0,0,1,0
94815,0,0,1,0
94845,0,0,1,0
94905,0,0,1,0
94982,0,0,1,0
95018,0,0,1,0
95245,0,0,1,0
95264,0,0,1,0
95295,0,0,1,0
95336,0,0,1,0
95345,0,0,1,0
95371,0,0,1,0
95432,0,0,1,0
95482,0,0,1,0
95504,0,0,1,0
95554,0,0,1,0
95654,0,0,1,0
95738,0,0,1,0
95781,0,0,1,0
95818,0,0,1,0
95824,0,0,1,0
95834,0,0,1,0
95878,1,0,1,0
96060,0,0,1,0
96061,0,0,1,0
96083,0,0,1,0
96122,0,0,1,0
96197,0,0,1,0
96213,0,0,1,0
96238,1,0,1,0
96244,0,0,1,0
96311,0,0,1,0
96338,0,0,2,0
96411,0,0,1,0
96496,0,0,1,0
96536,0,0,1,0
96567,0,0,1,0
96631,0,0,1,0
96634,0,0,1,0
96685,0,0,1,0
96709,0,0,1,0
96724,0,0,1,0
96744,0,0,1,0
96791,0,0,1,0
96832,0,0,1,0
96875,0,0,2,0
96925,0,0,1,0
96929,0,0,1,0
96960,0,0,1,0
96991,0,0,1,0
97004,0,0,1,0
97013,0,0,1,0
97035,0,0,1,0
97064,0,0,1,0
97142,0,0,1,0
97151,0,0,1,0
97185,0,0,1,0
97193,0,0,1,0
97206,0,0,1,0
97440,0,0,1,0
97461,0,0,1,0
97469,0,0,1,0
97504,0,0,1,0
97540,0,0,1,0
97547,0,0,1,0
97574,0,0,1,0
97596,0,0,1,0
97647,0,0,1,0
97695,0,0,1,0
97706,0,0,1,0
97735,0,0,1,0
97741,0,0,1,0
97761,0,0,1,0
97773,0,0,1,0
97968,0,0,1,0
97980,0,0,1,0
98027,0,0,1,0
98090,0,0,1,0
98172,0,0,1,0
98267,0,0,1,0
98344,0,0,1,0
98386,0,0,1,0
98432,0,0,1,0
98440,0,0,1,0
98467,0,0,1,0
98510,0,0,1,0
98544,0,0,1,0
98581,0,0,1,0
98691,0,0,1,0
98734,0,0,1,0
98803,0,0,1,0
98935,0,0,1,0
98954,0,0,1,0
98991,0,0,1,0
98995,0,0,1,0
99161,0,0,1,0
99339,0,0,1,0
99404,0,0,1,0
99429,0,0,1,0
99472,0,0,1,0
99510,0,0,1,0
99541,0,0,1,0
99552,0,0,1,0
99565,0,0,1,0
99614,0,0,1,0
99623,0,0,1,0
99706,0,0,1,0
99847,0,0,1,0
99963,0,0,1,0
99974,0,0,1,0
100074,0,0,1,0
100128,0,0,1,0
100163,0,0,1,0
100193,0,0,1,0
100209,0,0,1,0
100266,0,0,1,0
100296,0,0,1,0
100316,0,0,1,0
100336,0,0,1,0
100381,0,0,1,0
100501,0,0,1,0
100503,0,0,1,0
100526,0,0,1,0
100583,0,0,1,0
100612,0,0,1,0
100704,0,0,1,0
100734,0,0,1,0
100788,0,0,1,0
100882,0,0,1,0
100916,0,0,1,0
100933,0,0,1,0
100939,0,0,1,0
100986,0,0,1,0
101004,0,0,1,0
101006,0,0,1,0
101050,0,0,1,0
101052,0,0,1,0
101062,0,0,1,0
101067,0,0,1,0
101075,0,0,1,0
101097,0,0,1,0
101168,0,0,1,0
101205,1,0,1,0
101219,0,0,1,0
101301,0,0,1,0
101333,0,0,1,0
101382,0,0,1,0
101431,0,0,1,0
101432,0,0,1,0
101589,0,0,1,0
101650,0,0,1,0
101736,0,0,1,0
101773,0,0,1,0
102010,0,0,1,0
102033,0,0,1,0
102085,0,0,1,0
102096,0,0,1,0
102123,0,0,1,0
102127,0,0,1,0
102150,0,0,1,0
102171,0,0,1,0
102172,0,0,1,0
102198,0,0,1,0
102219,0,0,1,0
102291,0,0,1,0
102370,0,0,1,0
102394,0,0,0,1
102409,0,0,1,0
102431,0,0,1,0
102472,0,0,1,0
102496,1,0,1,0
102550,0,0,1,0
102579,0,0,1,0
102591,0,0,1,0
102593,0,0,1,0
102627,0,0,1,0
102661,0,0,1,0
102770,0,0,1,0
102772,0,0,1,0
102830,0,0,1,0
102939,0,0,1,0
102984,0,0,1,0
102992,0,0,1,0
103013,0,0,1,0
103102,0,0,1,0
103126,0,0,1,0
103128,0,0,1,0
103156,0,0,1,0
103186,0,0,1,0
103193,0,0,1,0
103199,0,0,1,0
103232,0,0,1,0
103275,0,0,1,0
103307,0,0,1,0
103310,0,0,1,0
103376,0,0,1,0
103384,0,0,1,0
103391,0,0,1,0
103393,0,0,1,0
103415,0,0,1,0
103497,0,0,1,0
103579,0,0,1,0
103617,0,0,1,0
103622,0,0,1,0
103688,0,0,1,0
103723,0,0,1,0
103731,0,0,1,0
103732,0,0,1,0
103740,0,0,1,0
103743,0,0,1,0
103798,0,0,1,0
103803,0,0,1,0
103807,0,0,1,0
103809,0,0,1,0
103867,0,0,1,0
103911,0,0,1,0
103952,0,0,1,0
103964,0,0,0,1
104000,0,0,1,0
104021,0,0,1,0
104040,0,0,1,0
104042,0,0,1,0
104043,0,0,1,0
104054,0,0,1,0
104115,0,0,1,0
104169,0,0,1,0
104206,0,0,1,0
104212,0,0,1,0
104280,0,0,1,0
104398,0,0,1,0
104424,0,0,1,0
104447,0,0,1,0
104450,0,0,1,0
104479,0,0,1,0
104495,0,0,1,0
104500,0,0,1,0
104520,0,0,1,0
104565,0,0,1,0
104567,0,0,1,0
104614,0,0,1,0
104678,0,0,1,0
104691,0,0,1,0
104713,0,0,1,0
104734,0,0,1,0
104748,0,0,1,0
104808,0,0,1,0
104820,0,0,1,0
104977,0,0,1,0
104986,0,0,1,0
104992,0,0,1,0
105029,0,0,1,0
105066,0,0,1,0
105091,0,0,1,0
105158,0,0,1,0
105225,0,0,1,0
105230,0,0,1,0
105243,0,0,1,0
105322,1,0,1,0
105361,0,0,1,0
105363,0,0,1,0
105383,0,0,1,0
105392,0,0,1,0
105401,0,0,1,0
105465,0,0,1,0
105485,0,0,1,0
105524,0,0,1,0
105555,0,0,1,0
105581,0,0,1,0
105595,0,0,1,0
105607,0,0,1,0
105608,0,0,1,0
105615,0,0,1,0
105654,0,0,1,0
105669,0,0,1,0
105691,0,0,1,0
105743,0,0,1,0
105835,0,0,1,0
105866,0,0,1,0
105898,0,0,1,0
105914,0,0,1,0
105917,0,0,1,0
105924,0,0,1,0
105936,0,0,1,0
105943,0,0,1,0
105945,0,0,1,0
106026,0,0,1,0
106057,0,0,1,0
106112,0,0,1,0
106148,0,0,1,0
106194,0,0,1,0
106226,0,0,1,0
106278,0,0,1,0
106298,0,0,1,0
106308,0,0,1,0
106309,0,0,1,0
106315,0,0,1,0
106370,0,0,1,0
106423,0,0,2,0
106441,0,0,1,0
106463,0,0,1,0
106479,0,0,1,0
106512,0,0,1,0
106602,0,0,1,0
106624,0,0,1,0
106652,0,0,2,0
106680,0,0,1,0
106690,0,0,1,0
106737,0,0,1,0
106816,0,0,1,0
106842,0,0,1,0
106860,0,0,1,0
106878,0,0,1,0
106945,0,0,1,0
106947,0,0,1,0
106975,0,0,1,0
106991,0,0,1,0
107025,0,0,1,0
107033,0,0,1,0
107054,0,0,1,0
107057,0,0,1,0
107067,0,0,1,0
107078,0,0,0,1
107099,0,0,1,0
107150,0,0,1,0
107169,0,0,1,0
107238,0,0,1,0
107241,0,0,1,0
107250,0,0,1,0
107264,0,0,1,0
107274,0,0,1,0
107300,0,0,1,0
107343,0,0,1,0
107382,0,0,1,0
107396,0,0,1,0
107451,0,0,1,0
107463,0,0,1,0
107465,0,0,1,0
107515,0,0,1,0
107581,0,0,1,0
107615,0,0,1,0
107630,0,0,2,0
107731,0,0,1,0
107756,0,0,1,0
107783,0,0,1,0
107786,0,0,1,0
107787,0,0,1,0
107793,0,0,1,0
107819,0,0,1,0
107849,0,0,1,0
107851,0,0,1,0
107916,0,0,1,0
107927,0,0,1,0
107934,0,0,1,0
107954,0,0,1,0
107998,0,0,1,0
108060,0,0,1,0
108072,0,0,1,0
108090,0,0,2,0
108197,0,0,1,0
108244,0,0,1,0
108245,0,0,1,0
108252,0,0,1,0
108271,0,0,1,0
108317,0,0,1,0
108329,0,0,1,0
108370,0,0,1,0
108397,0,0,1,0
108423,0,0,1,0
108516,0,0,1,0
108530,0,0,1,0
108531,0,0,1,0
108533,0,0,1,0
108568,0,0,1,0
108623,0,0,1,0
108626,0,0,1,0
108635,0,0,1,0
108681,0,0,1,0
108721,0,0,1,0
108743,0,0,1,0
108787,0,0,1,0
108829,0,0,1,0
108866,0,0,1,0
108915,0,0,1,0
108916,0,0,1,0
108928,0,0,1,0
108945,0,0,1,0
108951,0,0,1,0
108989,0,0,1,0
109000,0,0,1,0
109005,0,0,1,0
109049,0,0,1,0
109057,0,0,1,0
109087,0,0,1,0
109093,0,0,1,0
109095,1,0,1,0
109153,0,0,1,0
109186,0,0,1,0
109320,0,0,1,0
109327,0,0,1,0
109358,0,0,1,0
109410,0,0,1,0
109416,0,0,1,0
109438,0,0,1,0
109457,0,0,1,0
109476,0,0,1,0
109483,0,0,1,0
109498,0,0,1,0
109574,0,0,1,0
109590,0,0,1,0
109618,0,0,1,0
109659,0,0,1,0
109678,0,0,1,0
109712,0,0,1,0
109791,0,0,1,0
109832,0,0,1,0
109887,0,0,1,0
109928,0,0,1,0
109951,0,0,1,0
109954,0,0,1,0
109973,0,0,1,0
110033,0,0,1,0
110059,0,0,1,0
110066,0,0,1,0
110069,0,0,1,0
110077,0,0,1,0
110127,0,0,1,0
110159,0,0,1,0
110173,0,0,1,0
110267,0,0,1,0
110284,0,0,1,0
110286,0,0,1,0
110300,0,0,1,0
110367,0,0,1,0
110436,0,0,1,0
110508,0,0,1,0
110523,0,0,1,0
110550,0,0,1,0
110563,0,0,1,0
110654,0,0,1,0
110660,0,0,1,0
110702,0,0,1,0
110740,0,0,1,0
110748,0,0,1,0
110757,0,0,1,0
110792,0,0,1,0
111025,0,0,1,0
111028,0,0,1,0
111057,0,0,1,0
111089,0,0,1,0
111095,0,0,1,0
111130,0,0,2,0
111143,0,0,1,0
111165,0,0,1,0
111197,0,0,1,0
111232,0,0,1,0
111347,0,0,1,0
111348,0,0,1,0
111383,0,0,1,0
111452,0,0,1,0
111477,0,0,1,0
111498,0,0,1,0
111525,0,0,1,0
111559,0,0,1,0
111613,0,0,1,0
111663,0,0,1,0
111681,0,0,1,0
111685,0,0,1,0
111729,0,0,1,0
111740,0,0,1,0
111753,0,0,1,0
111789,0,0,1,0
111802,0,0,1,0
111838,0,0,1,0
111874,0,0,1,0
111880,0,0,1,0
111934,0,0,1,0
111954,0,0,1,0
111956,0,0,1,0
111970,0,0,1,0
111984,0,0,1,0
112076,0,0,1,0
112086,0,0,1,0
112103,0,0,1,0
112104,0,0,1,0
112165,0,0,1,0
112183,0,0,1,0
112203,0,0,1,0
112263,0,0,1,0
112282,0,0,1,0
112305,0,0,1,0
112307,0,0,1,0
112339,0,0,1,0
112358,0,0,1,0
112364,0,0,2,0
112425,0,0,1,0
112449,0,0,1,0
112452,0,0,1,0
112478,0,0,1,0
112481,0,0,1,0
112498,0,0,1,0
112555,0,0,1,0
112567,0,0,1,0
112569,0,0,1,0
112586,0,0,1,0
112704,0,0,1,0
112711,0,0,1,0
112744,0,0,1,0
112745,0,0,1,0
112769,0,0,1,0
112770,0,0,1,0
112781,0,0,1,0
112808,0,0,1,0
112921,0,0,1,0
112932,0,0,1,0
112982,0,0,1,0
113010,0,0,1,0
113037,1,0,1,0
113039,0,0,1,0
113077,0,0,1,0
113079,0,0,1,0
113101,0,0,2,0
113127,0,0,1,0
113151,0,0,1,0
113185,0,0,1,0
113199,0,0,1,0
113213,0,0,1,0
113220,0,0,1,0
113313,0,0,1,0
113326,0,0,1,0
113355,0,0,1,0
113358,0,0,1,0
113368,0,0,1,0
113437,0,0,1,0
113448,0,0,1,0
113461,0,0,1,0
113473,0,0,1,0
113480,0,0,1,0
113572,0,0,1,0
113579,0,0,1,0
113600,0,0,1,0
113612,0,0,1,0
113672,0,0,1,0
113686,0,0,1,0
113688,0,0,1,0
113702,0,0,1,0
113705,0,0,1,0
113778,0,0,1,0
113828,0,0,1,0
113847,0,0,1,0
113883,0,0,1,0
113935,0,0,1,0
113942,0,0,1,0
113977,0,0,1,0
113987,0,0,1,0
114020,0,0,1,0
114036,0,0,1,0
114053,0,0,1,0
114114,0,0,1,0
114115,0,0,1,0
114165,0,0,1,0
114184,0,0,1,0
114240,0,0,1,0
114265,0,0,1,0
114267,0,0,1,0
114283,0,0,1,0
114286,0,0,1,0
114438,0,0,1,0
114454,0,0,1,0
114456,0,0,1,0
114459,0,0,1,0
114481,0,0,1,0
114498,0,0,1,0
114524,0,0,1,0
114578,0,0,1,0
114621,0,0,1,0
114640,0,0,1,0
114646,0,0,1,0
114647,0,0,1,0
114654,0,0,1,0
114765,0,0,1,0
114774,0,0,1,0
114778,0,0,1,0
114895,0,0,1,0
114926,0,0,1,0
115017,0,0,1,0
115027,0,0,1,0
115047,0,0,1,0
115056,0,0,1,0
115094,0,0,1,0
115133,0,0,1,0
115204,0,0,1,0
115210,0,0,1,0
115220,0,0,1,0
115234,0,0,1,0
115254,0,0,1,0
115267,0,0,2,0
115306,0,0,1,0
115309,0,0,1,0
115322,0,0,1,0
115384,0,0,1,0
115458,0,0,1,0
115474,0,0,1,0
115484,0,0,1,0
115487,0,0,1,0
115489,0,0,1,0
115614,0,0,1,0
115615,0,0,1,0
115620,0,0,1,0
115627,0,0,1,0
115648,0,0,1,0
115668,0,0,1,0
115747,0,0,1,0
115752,0,0,1,0
115781,0,0,1,0
115830,0,0,1,0
115841,0,0,1,0
115907,0,0,1,0
115954,0,0,1,0
115990,0,0,1,0
115992,0,0,1,0
116080,0,0,1,0
116159,0,0,1,0
116242,0,0,1,0
116251,0,0,1,0
116289,0,0,1,0
116290,0,0,1,0
116327,0,0,1,0
116329,0,0,1,0
116521,0,0,1,0
116553,0,0,1,0
116589,0,0,1,0
116613,0,0,1,0
116683,0,0,1,0
116723,0,0,1,0
116739,0,0,1,0
116797,0,0,1,0
116857,0,0,1,0
116878,0,0,1,0
116901,0,0,1,0
116902,0,0,1,0
116924,0,0,1,0
116933,0,0,1,0
116979,0,0,1,0
117064,0,0,1,0
117157,0,0,1,0
117294,0,0,1,0
117302,0,0,1,0
117387,0,0,1,0
117406,0,0,1,0
117466,0,0,1,0
117478,0,0,1,0
117582,0,0,1,0
117590,0,0,1,0
117591,0,0,1,0
117632,0,0,1,0
117647,0,0,1,0
117718,0,0,1,0
117762,0,0,1,0
117809,0,0,1,0
117817,0,0,1,0
117855,0,0,1,0
117954,0,0,1,0
117982,0,0,1,0
117993,0,0,1,0
118093,0,0,1,0
118095,0,0,1,0
118101,0,0,1,0
118207,1,0,1,0
118230,0,0,1,0
118292,0,0,1,0
118346,0,0,1,0
118393,0,0,1,0
118405,0,0,1,0
118447,0,0,1,0
118463,0,0,1,0
118506,0,0,1,0
118540,0,0,1,0
118542,0,0,1,0
118562,0,0,1,0
118565,0,0,1,0
118579,0,0,1,0
118603,0,0,1,0
118613,0,0,1,0
118631,0,0,1,0
118647,0,0,1,0
118691,0,0,1,0
118720,0,0,1,0
118733,0,0,1,0
118776,0,0,1,0
118780,0,0,1,0
118797,0,0,1,0
118843,0,0,1,0
118865,1,0,1,0
118938,0,0,1,0
118947,0,0,1,0
118954,0,0,1,0
118971,0,0,1,0
119020,0,0,1,0
119086,0,0,1,0
119094,0,0,1,0
119116,0,0,1,0
119148,0,0,1,0
119174,0,0,1,0
119176,0,0,1,0
119188,0,0,1,0
119206,0,0,1,0
119225,0,0,1,0
119418,0,0,1,0
119434,0,0,1,0
119560,0,0,1,0
119588,0,0,1,0
119642,0,0,1,0
119663,0,0,1,0
119726,0,0,1,0
119735,0,0,0,1
119768,0,0,1,0
119839,0,0,1,0
119847,0,0,1,0
119848,0,0,1,0
119882,0,0,1,0
119914,0,0,1,0
119933,0,0,0,1
120104,0,0,1,0
120132,0,0,1,0
120136,0,0,1,0
120228,0,0,1,0
120245,0,0,1,0
120252,0,0,1,0
120268,0,0,1,0
120307,0,0,1,0
120311,0,0,1,0
120317,0,0,1,0
120386,0,0,1,0
120392,0,0,1,0
120393,0,0,1,0
120399,0,0,1,0
120401,0,0,1,0
120446,0,0,1,0
120499,0,0,1,0
120522,0,0,1,0
120552,0,0,1,0
120566,0,0,1,0
120604,0,0,1,0
120635,0,0,1,0
120711,0,0,1,0
120731,0,0,1,0
120732,0,0,1,0
120744,0,0,1,0
120745,0,0,1,0
120778,0,0,1,0
120784,0,0,1,0
120802,0,0,1,0
120837,0,0,1,0
120873,0,0,1,0
120883,0,0,1,0
120931,0,0,1,0
120941,0,0,1,0
120988,0,0,1,0
121000,0,0,1,0
121018,0,0,1,0
121022,0,0,1,0
121041,0,0,1,0
121042,0,0,1,0
121086,0,0,1,0
121115,0,0,1,0
121178,0,0,1,0
121222,0,0,1,0
121278,0,0,1,0
121329,0,0,1,0
121387,0,0,1,0
121444,0,0,1,0
121511,0,0,1,0
121538,0,0,1,0
121550,0,0,1,0
121561,0,0,1,0
121566,0,0,1,0
121580,0,0,1,0
121603,0,0,1,0
121624,0,0,1,0
121635,0,0,1,0
121641,0,0,1,0
121665,0,0,1,0
121763,0,0,1,0
121794,0,0,1,0
121815,0,0,1,0
121908,0,0,1,0
121943,0,0,1,0
121983,0,0,1,0
121987,0,0,1,0
122027,0,0,1,0
122031,0,0,1,0
122034,0,0,1,0
122045,0,0,1,0
122082,0,0,1,0
122120,0,0,1,0
122151,0,0,1,0
122211,0,0,1,0
122220,0,0,1,0
122348,0,0,1,0
122354,0,0,1,0
122360,0,0,1,0
122367,0,0,1,0
122433,0,0,1,0
122469,0,0,1,0
122472,0,0,1,0
122495,0,0,1,0
122503,0,0,1,0
122525,0,0,1,0
122594,1,0,1,0
122607,0,0,1,0
122625,0,0,1,0
122684,0,0,1,0
122689,0,0,1,0
122695,0,0,1,0
122705,0,0,1,0
122765,0,0,1,0
122780,0,0,1,0
122896,0,0,1,0
122959,0,0,1,0
122991,0,0,1,0
123009,0,0,1,0
123013,0,0,1,0
123033,0,0,1,0
123045,0,0,1,0
123062,0,0,1,0
123065,0,0,1,0
123072,0,0,1,0
123094,0,0,1,0
123101,1,0,1,0
123102,0,0,1,0
123191,0,0,1,0
123223,0,0,1,0
123255,0,0,1,0
123297,0,0,1,0
123308,0,0,1,0
123319,0,0,1,0
123320,0,0,1,0
123326,0,0,1,0
123362,0,0,1,0
123373,0,0,1,0
123408,0,0,1,0
123478,0,0,1,0
123481,0,0,1,0
123493,0,0,0,1
123505,0,0,1,0
123517,0,0,1,0
123523,0,0,1,0
123712,0,0,1,0
123717,0,0,1,0
123766,0,0,1,0
123778,0,0,1,0
123822,0,0,1,0
123848,0,0,1,0
123867,0,0,1,0
123917,0,0,1,0
123983,0,0,1,0
124001,0,0,1,0
124006,0,0,1,0
124014,0,0,1,0
124062,0,0,1,0
124090,0,0,1,0
124097,0,0,1,0
124109,0,0,1,0
124123,0,0,1,0
124142,0,0,1,0
124151,0,0,1,0
124241,0,0,1,0
124242,0,0,1,0
124282,0,0,1,0
124319,0,0,1,0
124377,0,0,1,0
124386,0,0,1,0
124422,0,0,1,0
124442,0,0,1,0
124475,0,0,1,0
124481,0,0,1,0
124541,0,0,1,0
124629,0,0,1,0
124726,0,0,1,0
124758,0,0,1,0
124771,0,0,1,0
124778,0,0,1,0
124781,0,0,1,0
124826,0,0,1,0
124836,0,0,1,0
124838,0,0,1,0
124884,0,0,1,0
124892,0,0,1,0
125020,0,0,1,0
125033,0,0,1,0
125080,0,0,1,0
125118,0,0,1,0
125140,0,0,1,0
125148,0,0,1,0
125207,0,0,1,0
125218,0,0,1,0
125235,0,0,1,0
125280,0,0,1,0
125323,0,0,1,0
125331,0,0,1,0
125359,0,0,1,0
125407,0,0,1,0
125476,0,0,1,0
125504,0,0,1,0
125520,0,0,1,0
125645,0,0,1,0
125672,0,0,1,0
125746,0,0,1,0
125760,0,0,1,0
125766,0,0,1,0
125768,0,0,1,0
125773,0,0,1,0
125870,0,0,1,0
125873,0,0,1,0
125949,0,0,1,0
126074,0,0,1,0
126075,0,0,1,0
126115,0,0,1,0
126132,0,0,1,0
126208,0,0,1,0
126232,0,0,1,0
126254,0,0,1,0
126266,0,0,1,0
126279,0,0,1,0
126320,0,0,1,0
126387,0,0,1,0
126393,0,0,1,0
126396,0,0,1,0
126412,0,0,1,0
126453,0,0,1,0
126485,0,0,1,0
126574,0,0,1,0
126644,0,0,1,0
126648,0,0,1,0
126679,0,0,1,0
126741,0,0,1,0
126760,0,0,1,0
126784,0,0,1,0
126847,0,0,1,0
126848,0,0,1,0
126884,0,0,1,0
126907,0,0,1,0
126911,0,0,1,0
126921,0,0,1,0
126933,0,0,1,0
126958,0,0,2,0
126959,0,0,1,0
126975,0,0,1,0
126992,0,0,1,0
127033,0,0,1,0
127045,0,0,1,0
127081,0,0,1,0
127090,0,0,1,0
127094,0,0,1,0
127114,0,0,1,0
127123,0,0,1,0
127187,0,0,1,0
127200,0,0,1,0
127217,0,0,1,0
127221,0,0,1,0
127229,0,0,1,0
127246,0,0,1,0
127277,0,0,1,0
127278,0,0,1,0
127287,0,0,1,0
127362,0,0,1,0
127364,0,0,1,0
127396,1,0,1,0
127397,0,0,1,0
127413,0,0,1,0
127415,0,0,1,0
127432,0,0,1,0
127451,0,0,1,0
127456,0,0,1,0
127470,0,0,1,0
127494,0,0,1,0
127572,0,0,1,0
127574,0,0,1,0
127614,0,0,1,0
127631,0,0,1,0
127640,0,0,1,0
127655,0,0,1,0
127666,0,0,1,0
127690,0,0,1,0
127695,0,0,1,0
127709,0,0,1,0
127742,0,0,1,0
127756,0,0,1,0
127773,0,0,1,0
127795,0,0,2,0
127801,0,0,1,0
127865,1,0,1,0
127886,0,0,1,0
128017,0,0,1,0
128029,0,0,1,0
128092,0,0,1,0
128110,0,0,1,0
128157,0,0,1,0
128178,0,0,1,0
128213,0,0,1,0
128223,0,0,1,0
128237,0,0,1,0
128245,0,0,1,0
128292,0,0,1,0
128302,0,0,1,0
128318,0,0,1,0
128319,0,0,1,0
128338,0,0,1,0
128379,0,0,1,0
128444,0,0,1,0
128499,0,0,1,0
128519,0,0,1,0
128527,0,0,1,0
128598,0,0,1,0
128645,0,0,1,0
128681,0,0,1,0
128683,0,0,1,0
128687,0,0,1,0
128737,0,0,1,0
128767,0,0,2,0
128784,0,0,1,0
128860,0,0,1,0
128908,0,0,1,0
128909,0,0,1,0
128910,0,0,1,0
129017,0,0,1,0
129172,0,0,1,0
129255,0,0,1,0
129281,0,0,1,0
129311,0,0,1,0
129347,0,0,1,0
129382,0,0,1,0
129437,0,0,1,0
129469,0,0,1,0
129545,0,0,1,0
129554,0,0,1,0
129604,0,0,1,0
129631,0,0,1,0
129688,0,0,1,0
129708,0,0,1,0
129737,0,0,1,0
129760,0,0,1,0
129792,0,0,1,0
129811,0,0,1,0
129828,0,0,1,0
129843,0,0,1,0
129864,0,0,1,0
129895,0,0,1,0
129919,0,0,1,0
129960,0,0,1,0
130009,0,0,1,0
130014,0,0,1,0
130028,0,0,1,0
130101,0,0,1,0
130221,0,0,1,0
130282,0,0,1,0
130283,0,0,1,0
130356,0,0,1,0
130363,0,0,1,0
130384,0,0,1,0
130388,0,0,1,0
130634,0,0,1,0
130650,0,0,1,0
130681,0,0,1,0
130728,0,0,1,0
130745,0,0,1,0
130765,0,0,1,0
130790,0,0,1,0
130830,0,0,1,0
130838,0,0,1,0
130860,0,0,1,0
130927,0,0,1,0
130976,0,0,1,0
130994,0,0,2,0
131011,0,0,1,0
131014,0,0,1,0
131017,0,0,1,0
131050,0,0,0,1
131075,0,0,1,0
131103,0,0,1,0
131107,0,0,1,0
131108,0,0,1,0
131175,0,0,1,0
131343,0,0,1,0
131345,0,0,1,0
131355,0,0,1,0
131369,0,0,1,0
131375,0,0,1,0
131402,0,0,1,0
131409,0,0,1,0
131411,0,0,1,0
131448,0,0,1,0
131452,0,0,1,0
131500,0,0,1,0
131527,0,0,1,0
131547,0,0,1,0
131564,0,0,1,0
131612,0,0,1,0
131625,0,0,1,0
131632,0,0,1,0
131654,0,0,1,0
131685,0,0,1,0
131743,0,0,1,0
131830,0,0,1,0
131846,0,0,1,0
131897,0,0,1,0
131908,0,0,1,0
131913,0,0,1,0
132018,0,0,1,0
132058,0,0,1,0
132062,0,0,1,0
132077,0,0,1,0
132106,0,0,1,0
132108,0,0,1,0
132158,0,0,1,0
132159,0,0,1,0
132168,0,0,1,0
132198,0,0,1,0
132226,0,0,1,0
132266,0,0,1,0
132289,0,0,1,0
132291,0,0,1,0
132301,0,0,1,0
132322,0,0,1,0
132381,0,0,1,0
132388,0,0,1,0
132404,0,0,1,0
132441,0,0,1,0
132442,0,0,1,0
132459,0,0,1,0
132463,0,0,1,0
132510,0,0,1,0
132546,0,0,1,0
132549,0,0,1,0
132564,0,0,1,0
132578,0,0,1,0
132615,0,0,1,0
132649,0,0,1,0
132695,0,0,1,0
132714,0,0,1,0
132789,0,0,1,0
132794,0,0,1,0
132796,0,0,1,0
132805,0,0,1,0
132871,0,0,1,0
132887,0,0,1,0
132927,0,0,1,0
132970,0,0,1,0
133077,0,0,1,0
133155,0,0,1,0
133161,0,0,1,0
133163,0,0,1,0
133167,0,0,1,0
133173,0,0,1,0
133188,0,0,1,0
133273,0,0,2,0
133297,0,0,1,0
133299,0,0,1,0
133319,0,0,1,0
133342,0,0,1,0
133345,0,0,1,0
133350,0,0,1,0
133413,0,0,1,0
133439,0,0,1,0
133445,0,0,1,0
133450,0,0,1,0
133473,0,0,1,0
133479,0,0,1,0
133497,0,0,1,0
133502,0,0,1,0
133505,0,0,1,0
133562,0,0,1,0
133599,0,0,1,0
133611,0,0,1,0
133624,0,0,1,0
133658,0,0,1,0
133698,0,0,1,0
133721,0,0,1,0
133761,0,0,1,0
133777,1,0,1,0
133799,0,0,1,0
133856,0,0,1,0
133875,0,0,1,0
133883,0,0,1,0
133889,0,0,1,0
133903,0,0,1,0
133930,0,0,1,0
134006,0,0,1,0
134050,0,0,1,0
134062,0,0,1,0
134074,0,0,1,0
134113,0,0,1,0
134171,0,0,1,0
134205,0,0,1,0
134229,0,0,1,0
134277,0,0,1,0
134300,0,0,1,0
134373,0,0,1,0
134390,0,0,1,0
134420,0,0,1,0
134432,0,0,1,0
134440,0,0,1,0
134447,0,0,1,0
134473,0,0,1,0
134500,0,0,1,0
134519,0,0,1,0
134522,0,0,1,0
134563,0,0,1,0
134572,0,0,1,0
134590,0,0,1,0
134628,0,0,1,0
134713,0,0,1,0
134751,0,0,1,0
134785,0,0,1,0
134788,0,0,1,0
134808,0,0,1,0
134815,0,0,2,0
134921,0,0,1,0
134928,0,0,1,0
134967,0,0,1,0
135123,0,0,1,0
135137,0,0,1,0
135154,0,0,1,0
135186,0,0,1,0
135334,0,0,1,0
135350,0,0,1,0
135456,0,0,1,0
135594,0,0,1,0
135748,0,0,1,0
135771,0,0,1,0
135784,0,0,1,0
135807,0,0,1,0
135885,0,0,1,0
135890,0,0,1,0
135923,0,0,1,0
135935,0,0,1,0
135956,0,0,1,0
136083,0,0,1,0
136090,0,0,1,0
136123,0,0,1,0
136124,0,0,1,0
136133,0,0,1,0
136208,0,0,1,0
136209,0,0,1,0
136242,0,0,1,0
136282,0,0,1,0
136398,0,0,1,0
136413,0,0,1,0
136436,0,0,1,0
136601,0,0,1,0
136619,0,0,1,0
136627,0,0,1,0
136654,0,0,1,0
136700,0,0,1,0
136719,0,0,1,0
136779,0,0,1,0
136822,0,0,1,0
136845,0,0,1,0
136851,0,0,1,0
136925,0,0,1,0
136987,0,0,1,0
137003,0,0,1,0
137074,0,0,1,0
137103,0,0,1,0
137104,0,0,1,0
137159,0,0,1,0
137166,0,0,1,0
137178,0,0,1,0
137291,0,0,1,0
137307,0,0,1,0
137419,0,0,1,0
137449,0,0,1,0
137531,0,0,1,0
137533,0,0,1,0
137538,0,0,1,0
137652,0,0,1,0
137811,0,0,1,0
137841,0,0,1,0
137854,0,0,1,0
137867,0,0,1,0
137884,0,0,1,0
137916,0,0,1,0
137962,0,0,1,0
137964,0,0,1,0
137966,0,0,1,0
138007,0,0,1,0
138025,0,0,1,0
138075,0,0,1,0
138107,0,0,1,0
138113,0,0,1,0
138119,0,0,1,0
138122,0,0,1,0
138126,0,0,1,0
138146,0,0,1,0
138168,0,0,1,0
138201,0,0,1,0
138204,0,0,1,0
138234,0,0,1,0
138240,0,0,2,0
138265,0,0,1,0
138270,0,0,1,0
138287,0,0,1,0
138292,0,0,1,0
138333,0,0,1,0
138366,0,0,1,0
138430,0,0,1,0
138471,0,0,2,0
138474,0,0,1,0
138503,0,0,1,0
138510,0,0,1,0
138514,0,0,1,0
138556,0,0,1,0
138624,0,0,1,0
138625,0,0,1,0
138631,0,0,1,0
138714,0,0,1,0
138816,0,0,1,0
138976,0,0,1,0
139063,0,0,1,0
139105,0,0,1,0
139119,0,0,1,0
139179,0,0,1,0
139224,0,0,1,0
139231,0,0,1,0
139335,0,0,1,0
139365,0,0,1,0
139374,0,0,1,0
139387,0,0,1,0
139406,0,0,1,0
139424,0,0,1,0
139445,0,0,1,0
139538,0,0,1,0
139576,0,0,1,0
139658,0,0,1,0
139694,0,0,1,0
139697,0,0,1,0
139708,0,0,1,0
139738,0,0,1,0
139765,0,0,1,0
139789,0,0,1,0
139796,0,0,1,0
139799,0,0,1,0
139831,0,0,1,0
139891,0,0,1,0
140001,0,0,1,0
140010,0,0,1,0
140012,0,0,2,0
140065,0,0,1,0
140080,0,0,1,0
140095,0,0,1,0
140186,0,0,1,0
140223,0,0,1,0
140261,0,0,1,0
140351,0,0,1,0
140364,0,0,1,0
140381,0,0,1,0
140400,0,0,1,0
140416,0,0,1,0
140421,0,0,1,0
140438,0,0,1,0
140469,0,0,1,0
140504,0,0,1,0
140518,0,0,1,0
140553,0,0,1,0
140579,0,0,1,0
140701,0,0,1,0
140711,0,0,1,0
140734,0,0,1,0
140851,0,0,1,0
140880,0,0,1,0
140902,0,0,1,0
140911,0,0,1,0
140940,0,0,1,0
140962,0,0,1,0
140990,0,0,1,0
141000,0,0,1,0
141010,0,0,1,0
141051,0,0,1,0
141135,0,0,1,0
141137,0,0,1,0
141146,0,0,1,0
141159,0,0,1,0
141215,0,0,1,0
141253,0,0,1,0
141278,0,0,1,0
141368,0,0,1,0
141373,0,0,1,0
141406,0,0,1,0
141436,0,0,1,0
141499,0,0,1,0
141534,0,0,1,0
141641,0,0,1,0
141673,0,0,1,0
141681,0,0,1,0
141768,0,0,1,0
141821,0,0,1,0
141886,0,0,1,0
141890,0,0,1,0
141905,0,0,1,0
141960,0,0,1,0
142014,0,0,1,0
142050,0,0,1,0
142088,0,0,1,0
142109,0,0,1,0
142159,0,0,1,0
142195,0,0,1,0
142288,0,0,1,0
142302,0,0,1,0
142390,0,0,1,0
142394,0,0,1,0
142417,0,0,1,0
142448,0,0,1,0
142457,0,0,1,0
142501,0,0,1,0
142502,0,0,1,0
142509,0,0,1,0
142515,0,0,1,0
142522,0,0,1,0
142523,0,0,1,0
142527,0,0,1,0
142528,0,0,1,0
142539,0,0,1,0
142562,0,0,1,0
142566,0,0,1,0
142570,0,0,1,0
142578,0,0,1,0
142809,0,0,1,0
142819,0,0,1,0
142822,0,0,1,0
142834,0,0,1,0
142841,0,0,1,0
143003,0,0,1,0
143026,0,0,1,0
143070,0,0,1,0
143080,0,0,1,0
143091,0,0,0,1
143119,0,0,1,0
143219,0,0,1,0
143238,0,0,1,0
143322,0,0,1,0
143323,0,0,1,0
143389,0,0,1,0
143478,0,0,1,0
143530,0,0,1,0
143569,0,0,1,0
143583,0,0,1,0
143586,0,0,1,0
143604,0,0,1,0
143611,0,0,1,0
143662,0,0,1,0
143729,0,0,1,0
143763,0,0,1,0
143783,0,0,1,0
143914,0,0,1,0
143936,0,0,1,0
144006,0,0,1,0
144112,0,0,1,0
144113,0,0,1,0
144119,0,0,1,0
144242,0,0,1,0
144276,0,0,1,0
144277,0,0,1,0
144315,0,0,1,0
144354,0,0,1,0
144370,0,0,1,0
144374,0,0,1,0
144378,1,0,1,0
144398,0,0,1,0
144408,0,0,1,0
144426,0,0,1,0
144467,0,0,1,0
144506,0,0,1,0
144529,0,0,1,0
144559,0,0,1,0
144568,1,0,1,0
144584,0,0,1,0
144587,0,0,1,0
144625,0,0,1,0
144628,0,0,1,0
144653,0,0,1,0
144658,0,0,1,0
144678,0,0,1,0
144799,0,0,1,0
144818,0,0,1,0
144824,0,0,1,0
144914,0,0,1,0
144916,0,0,1,0
144919,0,0,1,0
144972,0,0,1,0
145011,0,0,1,0
145109,0,0,1,0
145118,0,0,1,0
145126,0,0,1,0
145151,0,0,1,0
145192,0,0,1,0
145210,0,0,1,0
145281,0,0,1,0
145284,0,0,1,0
145287,0,0,1,0
145328,0,0,1,0
145401,0,0,1,0
145443,0,0,1,0
145444,0,0,1,0
145472,0,0,1,0
145495,0,0,1,0
145531,0,0,1,0
145540,0,0,1,0
145580,0,0,1,0
145587,0,0,1,0
145682,0,0,1,0
145724,0,0,1,0
145745,0,0,1,0
145916,0,0,1,0
145919,0,0,1,0
145943,0,0,1,0
145954,0,0,1,0
145963,0,0,1,0
146017,0,0,1,0
146047,0,0,1,0
146060,0,0,1,0
146072,0,0,1,0
146172,0,0,1,0
146175,0,0,1,0
146200,0,0,2,0
146212,0,0,1,0
146223,0,0,1,0
146224,0,0,1,0
146242,0,0,1,0
146268,0,0,1,0
146305,0,0,1,0
146306,0,0,1,0
146313,0,0,1,0
146365,0,0,1,0
146452,0,0,1,0
146481,0,0,2,0
146495,0,0,1,0
146534,0,0,1,0
146541,0,0,1,0
146573,0,0,1,0
146635,0,0,1,0
146703,0,0,1,0
146710,0,0,1,0
146732,0,0,1,0
146736,0,0,1,0
146751,0,0,1,0
146912,0,0,1,0
146935,0,0,1,0
146936,0,0,1,0
147015,0,0,1,0
147019,0,0,1,0
147029,0,0,1,0
147061,0,0,1,0
147069,0,0,1,0
147088,0,0,1,0
147176,0,0,1,0
147207,0,0,1,0
147328,0,0,1,0
147351,0,0,1,0
147421,0,0,1,0
147481,0,0,1,0
147535,0,0,1,0
147538,0,0,1,0
147591,0,0,1,0
147598,0,0,1,0
147628,0,0,1,0
147650,0,0,1,0
147679,0,0,1,0
147684,0,0,1,0
147700,0,0,1,0
147716,0,0,1,0
147747,0,0,1,0
147856,0,0,1,0
147919,0,0,1,0
147937,0,0,1,0
147946,0,0,1,0
147955,0,0,1,0
148083,0,0,1,0
148089,0,0,1,0
148116,0,0,1,0
148173,0,0,1,0
148208,0,0,1,0
148263,0,0,1,0
148330,0,0,1,0
148337,0,0,1,0
148355,0,0,1,0
148367,0,0,1,0
148384,0,0,1,0
148385,0,0,1,0
148417,0,0,1,0
148423,0,0,1,0
148433,0,0,1,0
148491,0,0,1,0
148513,0,0,1,0
148593,0,0,1,0
148626,0,0,1,0
148636,0,0,1,0
148653,0,0,1,0
148655,0,0,1,0
148665,0,0,1,0
148680,0,0,1,0
148758,0,0,1,0
148793,0,0,1,0
148822,0,0,1,0
148894,0,0,1,0
148934,0,0,1,0
148938,0,0,1,0
148994,0,0,1,0
149061,0,0,1,0
149073,0,0,1,0
149105,0,0,1,0
149123,0,0,1,0
149228,0,0,1,0
149297,0,0,1,0
149312,0,0,1,0
149382,0,0,1,0
149405,0,0,1,0
149424,0,0,1,0
149564,0,0,1,0
149586,0,0,1,0
149682,0,0,1,0
149711,0,0,1,0
149771,0,0,1,0
149832,0,0,1,0
149842,0,0,1,0
149858,3,0,1,0
149866,0,0,1,0
149904,0,0,1,0
149956,0,0,1,0
149963,0,0,1,0
150001,0,0,1,0
150008,0,0,1,0
150043,0,0,1,0
150063,0,0,1,0
150111,0,0,1,0
150122,0,0,1,0
150161,0,0,1,0
150226,0,0,1,0
150280,0,0,1,0
150284,0,0,1,0
150288,0,0,1,0
150305,0,0,1,0
150350,0,0,1,0
150424,0,0,1,0
150477,0,0,1,0
150513,0,0,1,0
150567,0,0,1,0
150653,0,0,1,0
150685,0,0,1,0
150690,0,0,1,0
150711,0,0,1,0
150726,0,0,1,0
150763,0,0,1,0
150799,0,0,1,0
150857,0,0,1,0
150892,0,0,1,0
150942,0,0,1,0
150998,0,0,1,0
151067,0,0,1,0
151201,0,0,1,0
151237,0,0,1,0
151243,0,0,1,0
151257,0,0,1,0
151275,0,0,1,0
151283,0,0,1,0
151300,0,0,1,0
151329,0,0,1,0
151370,0,0,1,0
151385,0,0,1,0
151386,0,0,1,0
151397,0,0,1,0
151413,0,0,1,0
151415,0,0,1,0
151420,0,0,1,0
151490,0,0,1,0
151635,0,0,1,0
151650,0,0,1,0
151660,0,0,1,0
151769,0,0,1,0
151791,0,0,1,0
151906,0,0,1,0
152028,0,0,1,0
152031,0,0,1,0
152047,0,0,1,0
152150,0,0,1,0
152188,0,0,1,0
152223,0,0,1,0
152226,0,0,1,0
152233,0,0,1,0
152312,0,0,1,0
152354,0,0,1,0
152362,0,0,1,0
152385,0,0,1,0
152453,0,0,1,0
152501,0,0,1,0
152522,0,0,1,0
152586,0,0,1,0
152706,0,0,1,0
152743,0,0,1,0
152756,0,0,1,0
152867,0,0,1,0
152903,0,0,1,0
152961,0,0,1,0
153010,0,0,1,0
153060,0,0,1,0
153090,0,0,1,0
153117,0,0,1,0
153124,0,0,1,0
153165,0,0,1,0
153185,0,0,1,0
153204,0,0,1,0
153212,0,0,1,0
153215,0,0,1,0
153225,0,0,1,0
153327,0,0,1,0
153357,0,0,1,0
153363,0,0,1,0
153365,0,0,1,0
153366,0,0,1,0
153432,0,0,1,0
153565,0,0,1,0
153574,0,0,1,0
153576,0,0,1,0
153581,0,0,1,0
153589,0,0,1,0
153602,0,0,1,0
153624,0,0,1,0
153644,0,0,1,0
153698,0,0,1,0
153738,0,0,1,0
153742,0,0,1,0
153744,0,0,1,0
153761,0,0,1,0
153771,0,0,1,0
153785,0,0,1,0
153828,0,0,1,0
153918,0,0,1,0
153922,0,0,1,0
153964,0,0,1,0
154024,0,0,1,0
154080,0,0,1,0
154099,0,0,1,0
154164,0,0,1,0
154175,0,0,1,0
154191,0,0,1,0
154254,0,0,1,0
154261,0,0,1,0
154268,0,0,0,1
154273,0,0,1,0
154277,0,0,1,0
154330,0,0,1,0
154343,0,0,1,0
154347,0,0,1,0
154386,0,0,1,0
154392,0,0,1,0
154410,0,0,1,0
154412,0,0,1,0
154445,0,0,1,0
154466,0,0,1,0
154506,0,0,1,0
154515,0,0,1,0
154569,0,0,1,0
154625,0,0,1,0
154628,0,0,1,0
154630,0,0,1,0
154673,0,0,1,0
154792,0,0,1,0
154804,0,0,1,0
154844,0,0,1,0
154862,0,0,1,0
154892,0,0,1,0
154899,0,0,1,0
154927,0,0,1,0
154986,0,0,1,0
154987,0,0,1,0
155046,0,0,1,0
155185,0,0,1,0
155201,0,0,1,0
155245,0,0,1,0
155519,0,0,1,0
155622,0,0,1,0
155751,0,0,1,0
155804,0,0,1,0
155827,0,0,1,0
155833,0,0,1,0
155917,0,0,1,0
155942,0,0,1,0
155994,0,0,1,0
156017,0,0,1,0
156030,0,0,1,0
156037,0,0,1,0
156042,0,0,1,0
156072,0,0,1,0
156089,0,0,1,0
156092,0,0,1,0
156102,0,0,1,0
156121,0,0,1,0
156144,0,0,1,0
156159,0,0,1,0
156166,0,0,1,0
156193,0,0,1,0
156199,0,0,1,0
156242,0,0,1,0
156259,0,0,1,0
156265,0,0,1,0
156292,0,0,1,0
156333,0,0,1,0
156342,0,0,1,0
156363,0,0,1,0
156411,0,0,1,0
156460,0,0,1,0
156465,0,0,1,0
156601,0,0,1,0
156637,0,0,1,0
156668,0,0,1,0
156692,0,0,1,0
156701,0,0,1,0
156707,0,0,1,0
156709,0,0,1,0
156761,0,0,1,0
156762,0,0,1,0
156774,0,0,1,0
156801,0,0,1,0
156815,0,0,1,0
156826,0,0,1,0
156879,0,0,1,0
156903,0,0,1,0
156916,0,0,1,0
156934,0,0,1,0
156975,0,0,1,0
157029,0,0,1,0
157036,0,0,1,0
157119,0,0,1,0
157120,0,0,1,0
157159,0,0,1,0
157172,0,0,1,0
157272,0,0,1,0
157366,0,0,1,0
157422,0,0,1,0
157425,0,0,1,0
157448,0,0,1,0
157555,0,0,1,0
157573,0,0,1,0
157578,0,0,1,0
157599,0,0,1,0
157686,0,0,1,0
157735,0,0,1,0
157774,0,0,1,0
157827,0,0,1,0
157829,0,0,0,1
157867,0,0,1,0
157884,0,0,1,0
157892,0,0,1,0
157899,0,0,1,0
157947,0,0,1,0
157977,0,0,1,0
157988,0,0,1,0
157999,0,0,1,0
158027,0,0,1,0
158062,0,0,1,0
158103,0,0,1,0
158111,0,0,1,0
158144,1,0,1,0
158164,0,0,1,0
158189,0,0,1,0
158196,0,0,1,0
158277,0,0,1,0
158361,0,0,1,0
158417,0,0,1,0
158430,0,0,1,0
158434,0,0,1,0
158502,0,0,1,0
158530,0,0,1,0
158582,0,0,1,0
158587,0,0,1,0
158594,0,0,1,0
158609,0,0,1,0
158679,0,0,1,0
158801,0,0,1,0
158816,0,0,1,0
158855,0,0,1,0
158936,0,0,1,0
158983,0,0,1,0
159080,0,0,1,0
159223,0,0,1,0
159385,0,0,1,0
159460,0,0,1,0
159476,0,0,1,0
159480,0,0,1,0
159507,0,0,1,0
159559,0,0,1,0
159560,0,0,1,0
159563,0,0,1,0
159619,0,0,1,0
159621,0,0,1,0
159646,0,0,1,0
159706,0,0,1,0
159740,0,0,1,0
159828,0,0,1,0
159863,0,0,1,0
159876,0,0,1,0
159888,0,0,1,0
159891,0,0,1,0
159903,0,0,1,0
159904,0,0,1,0
159926,0,0,1,0
159932,0,0,1,0
159940,0,0,1,0
159946,0,0,1,0
159994,0,0,1,0
160030,0,0,1,0
160049,0,0,1,0
160128,0,0,1,0
160138,0,0,1,0
160139,0,0,1,0
160149,0,0,1,0
160217,0,0,1,0
160234,0,0,1,0
160269,0,0,1,0
160312,0,0,1,0
160357,0,0,1,0
160414,0,0,1,0
160449,0,0,1,0
160574,0,0,1,0
160606,0,0,1,0
160642,0,0,1,0
160694,0,0,1,0
160706,0,0,1,0
160797,0,0,1,0
160851,0,0,1,0
160861,0,0,1,0
160882,0,0,1,0
161049,0,0,1,0
161185,0,0,1,0
161186,0,0,1,0
161326,0,0,1,0
161406,0,0,1,0
161446,0,0,1,0
161450,0,0,1,0
161477,0,0,1,0
161536,0,0,1,0
161542,0,0,1,0
161567,0,0,1,0
161696,0,0,1,0
161805,0,0,1,0
161811,0,0,1,0
161841,0,0,1,0
161878,0,0,1,0
161921,0,0,1,0
161954,0,0,1,0
162003,0,0,1,0
162072,0,0,1,0
162089,0,0,1,0
162105,0,0,1,0
162141,0,0,1,0
162317,0,0,1,0
162337,0,0,1,0
162351,0,0,1,0
162391,0,0,1,0
162392,0,0,0,1
162416,0,0,1,0
162464,0,0,1,0
162492,0,0,1,0
162497,0,0,1,0
162538,0,0,1,0
162572,0,0,1,0
162627,0,0,1,0
162699,0,0,1,0
162797,0,0,1,0
162801,0,0,1,0
162832,0,0,1,0
162943,0,0,1,0
163001,0,0,1,0
163007,0,0,1,0
163021,0,0,1,0
163032,0,0,1,0
163042,0,0,1,0
163069,0,0,1,0
163096,0,0,1,0
163175,0,0,1,0
163192,0,0,1,0
163193,0,0,1,0
163221,0,0,1,0
163237,0,0,1,0
163325,0,0,1,0
163430,0,0,1,0
163472,0,0,1,0
163576,0,0,1,0
163592,0,0,1,0
163599,0,0,1,0
163656,0,0,1,0
163761,0,0,1,0
163784,0,0,1,0
163785,0,0,1,0
163805,0,0,1,0
163858,0,0,1,0
163897,0,0,2,0
163910,0,0,1,0
164024,0,0,1,0
164030,0,0,1,0
164040,0,0,1,0
164163,0,0,1,0
164189,0,0,1,0
164232,0,0,1,0
164296,0,0,1,0
164349,0,0,1,0
164350,0,0,1,0
164370,0,0,1,0
164401,0,0,1,0
164454,0,0,1,0
164466,0,0,1,0
164489,0,0,1,0
164501,0,0,1,0
164503,0,0,1,0
164508,0,0,1,0
164516,0,0,1,0
164533,0,0,1,0
164589,0,0,1,0
164592,0,0,1,0
164620,0,0,1,0
164636,0,0,1,0
164655,0,0,1,0
164660,0,0,1,0
164694,0,0,1,0
164715,0,0,1,0
164779,0,0,1,0
164845,0,0,1,0
164847,0,0,1,0
164877,0,0,1,0
165027,0,0,1,0
165136,0,0,1,0
165142,0,0,1,0
165236,0,0,1,0
165255,0,0,1,0
165559,0,0,1,0
165576,0,0,1,0
165603,1,0,1,0
165606,0,0,1,0
165608,0,0,1,0
165657,0,0,1,0
165863,0,0,1,0
165866,0,0,1,0
165895,0,0,1,0
165962,0,0,1,0
166117,0,0,1,0
166177,0,0,1,0
166209,0,0,1,0
166211,0,0,1,0
166372,0,0,1,0
166385,0,0,1,0
166415,0,0,1,0
166526,0,0,1,0
166556,0,0,1,0
166654,0,0,1,0
166658,0,0,1,0
166662,0,0,1,0
166666,0,0,0,1
166722,0,0,1,0
166741,0,0,1,0
166767,0,0,1,0
166827,0,0,1,0
166832,0,0,1,0
166960,0,0,1,0
167057,0,0,1,0
167101,0,0,1,0
167125,0,0,1,0
167130,0,0,1,0
167137,0,0,1,0
167140,0,0,1,0
167145,0,0,1,0
167194,0,0,1,0
167216,0,0,1,0
167224,0,0,1,0
167263,0,0,1,0
167282,0,0,1,0
167314,1,0,1,0
167330,0,0,1,0
167335,0,0,1,0
167368,0,0,1,0
167382,0,0,1,0
167425,0,0,1,0
167451,0,0,1,0
167504,0,0,1,0
167512,0,0,1,0
167526,0,0,1,0
167573,0,0,1,0
167626,0,0,1,0
167628,0,0,1,0
167631,1,0,1,0
167636,0,0,1,0
167665,0,0,1,0
167729,0,0,1,0
167737,0,0,1,0
167738,0,0,1,0
167794,0,0,1,0
167859,0,0,1,0
167949,0,0,1,0
167973,0,0,1,0
167976,0,0,1,0
168009,0,0,1,0
168049,0,0,1,0
168365,0,0,1,0
168446,0,0,1,0
168529,0,0,1,0
168585,0,0,1,0
168602,0,0,1,0
168655,0,0,1,0
168677,0,0,1,0
168694,0,0,1,0
168836,0,0,1,0
168839,0,0,1,0
168855,0,0,1,0
168940,0,0,1,0
168989,0,0,1,0
169048,0,0,1,0
169089,0,0,1,0
169222,0,0,1,0
169242,0,0,1,0
169255,0,0,1,0
169349,0,0,1,0
169382,0,0,1,0
169383,1,0,1,0
169389,0,0,1,0
169396,0,0,1,0
169416,0,0,1,0
169446,0,0,1,0
169510,0,0,1,0
169532,0,0,1,0
169549,0,0,1,0
169585,0,0,1,0
169593,0,0,1,0
169595,0,0,1,0
169718,1,0,1,0
169763,0,0,1,0
169789,0,0,1,0
169834,0,0,1,0
169932,0,0,1,0
169941,0,0,1,0
169953,0,0,1,0
169988,0,0,1,0
169999,0,0,1,0
170023,0,0,1,0
170101,0,0,1,0
170157,0,0,1,0
170165,0,0,1,0
170207,0,0,1,0
170247,0,0,1,0
170289,0,0,1,0
170367,0,0,1,0
170428,0,0,1,0
170475,0,0,1,0
170489,0,0,1,0
170541,0,0,1,0
170654,0,0,1,0
170715,0,0,1,0
170721,0,0,1,0
170810,0,0,1,0
170895,0,0,1,0
170905,0,0,1,0
170913,0,0,1,0
170990,0,0,1,0
171016,0,0,1,0
171043,0,0,1,0
171083,0,0,1,0
171128,0,0,1,0
171263,0,0,1,0
171282,0,0,1,0
171297,0,0,1,0
171425,0,0,1,0
171553,0,0,1,0
171597,0,0,1,0
171604,0,0,1,0
171621,0,0,1,0
171626,0,0,1,0
171640,0,0,1,0
171644,0,0,1,0
171704,0,0,1,0
171772,0,0,1,0
171787,0,0,1,0
171793,0,0,1,0
171980,0,0,1,0
172035,0,0,1,0
172042,0,0,1,0
172102,0,0,1,0
172106,0,0,1,0
172118,0,0,1,0
172128,0,0,1,0
172130,0,0,1,0
172206,0,0,1,0
172295,0,0,1,0
172441,0,0,1,0
172483,0,0,1,0
172572,0,0,1,0
172618,0,0,1,0
172807,0,0,1,0
172828,0,0,1,0
172874,0,0,1,0
172894,0,0,1,0
172895,0,0,1,0
172896,0,0,1,0
172897,0,0,1,0
172910,0,0,1,0
173151,0,0,1,0
173160,0,0,1,0
173173,0,0,1,0
173236,0,0,1,0
173238,0,0,1,0
173245,0,0,1,0
173297,0,0,1,0
173332,0,0,1,0
173364,0,0,1,0
173398,0,0,1,0
173410,0,0,1,0
173425,0,0,1,0
173557,0,0,1,0
173562,0,0,1,0
173589,0,0,1,0
173624,0,0,1,0
173638,0,0,1,0
173646,0,0,1,0
173671,0,0,1,0
173679,0,0,1,0
173751,0,0,1,0
173793,0,0,1,0
173919,0,0,1,0
173953,0,0,1,0
173955,0,0,1,0
173956,0,0,1,0
174094,0,0,1,0
174142,0,0,1,0
174208,0,0,1,0
174244,0,0,1,0
174259,0,0,1,0
174263,0,0,1,0
174288,0,0,1,0
174318,0,0,1,0
174369,0,0,1,0
174380,0,0,1,0
174400,0,0,1,0
174419,1,0,1,0
174424,0,0,1,0
174436,0,0,1,0
174438,0,0,1,0
174445,0,0,1,0
174454,0,0,1,0
174462,0,0,1,0
174582,0,0,1,0
174674,0,0,1,0
174681,0,0,1,0
174683,0,0,1,0
174694,0,0,1,0
174873,0,0,1,0
175018,0,0,1,0
175043,0,0,1,0
175063,0,0,1,0
175119,0,0,1,0
175144,0,0,1,0
175150,0,0,1,0
175191,0,0,1,0
175199,0,0,1,0
175233,0,0,1,0
175294,0,0,1,0
175321,0,0,1,0
175358,0,0,1,0
175595,0,0,1,0
175602,0,0,1,0
175629,0,0,1,0
175674,0,0,1,0
175742,0,0,1,0
175753,0,0,1,0
175764,0,0,1,0
175810,0,0,1,0
176022,0,0,1,0
176024,0,0,1,0
176270,0,0,1,0
176396,0,0,0,1
176404,0,0,1,0
176415,0,0,1,0
176463,0,0,1,0
176552,0,0,1,0
176683,0,0,1,0
176785,0,0,1,0
176852,0,0,1,0
176881,0,0,1,0
176970,0,0,1,0
176999,0,0,1,0
177022,0,0,1,0
177024,0,0,1,0
177070,0,0,1,0
177123,0,0,1,0
177483,0,0,1,0
177502,0,0,1,0
177568,0,0,1,0
177614,0,0,1,0
177702,0,0,1,0
177721,0,0,1,0
177880,0,0,1,0
177889,0,0,1,0
177909,0,0,1,0
177935,0,0,1,0
177949,0,0,1,0
178009,0,0,1,0
178187,0,0,1,0
178235,0,0,1,0
178249,0,0,1,0
178328,0,0,1,0
178419,0,0,1,0
178511,0,0,1,0
178609,0,0,1,0
178634,0,0,1,0
178689,0,0,1,0
178784,0,0,1,0
178808,0,0,1,0
178812,0,0,1,0
178835,0,0,1,0
178869,1,0,1,0
178957,0,0,1,0
178974,0,0,1,0
178978,0,0,1,0
179093,0,0,1,0
179118,0,0,1,0
179170,0,0,1,0
179245,0,0,1,0
179300,0,0,1,0
179318,0,0,1,0
179413,0,0,1,0
179482,0,0,1,0
179487,0,0,1,0
179496,0,0,1,0
179615,0,0,1,0
179721,0,0,1,0
179727,0,0,1,0
179783,0,0,1,0
179894,0,0,1,0
179910,0,0,1,0
179934,0,0,1,0
179938,0,0,1,0
180063,0,0,1,0
180065,0,0,1,0
180066,0,0,1,0
180094,0,0,1,0
180126,0,0,1,0
180308,0,0,1,0
180463,0,0,1,0
180629,0,0,1,0
180637,0,0,1,0
180715,0,0,1,0
180722,0,0,1,0
180728,0,0,1,0
180798,0,0,1,0
180819,0,0,1,0
180828,0,0,1,0
180831,0,0,1,0
180841,0,0,1,0
180980,0,0,1,0
180991,0,0,1,0
181071,0,0,1,0
181115,0,0,1,0
181123,0,0,1,0
181151,0,0,1,0
181168,0,0,1,0
181177,0,0,1,0
181212,0,0,1,0
181266,0,0,1,0
181273,0,0,1,0
181372,0,0,1,0
181423,0,0,1,0
181594,0,0,1,0
181738,0,0,1,0
181796,0,0,1,0
181957,0,0,1,0
181996,0,0,1,0
182184,0,0,1,0
182265,0,0,1,0
182326,0,0,1,0
182408,0,0,1,0
182497,0,0,0,1
182500,0,0,1,0
182590,0,0,1,0
182616,0,0,1,0
182637,0,0,1,0
182750,0,0,1,0
182813,0,0,1,0
182876,0,0,1,0
182900,0,0,1,0
182931,0,0,1,0
182975,0,0,1,0
182992,0,0,1,0
183113,0,0,1,0
183177,0,0,1,0
183246,0,0,1,0
183249,0,0,1,0
183349,0,0,1,0
183351,0,0,1,0
183422,0,0,1,0
183432,0,0,1,0
183512,0,0,1,0
183521,0,0,1,0
183538,0,0,1,0
183582,1,0,1,0
183682,0,0,1,0
183739,0,0,1,0
183779,0,0,1,0
183984,0,0,1,0
184004,0,0,1,0
184120,0,0,1,0
184258,0,0,1,0
184357,0,0,1,0
184363,0,0,1,0
184378,0,0,1,0
184461,0,0,1,0
184501,0,0,1,0
184569,0,0,1,0
184617,0,0,1,0
184674,0,0,1,0
184752,0,0,1,0
184755,0,0,1,0
184784,0,0,1,0
184828,0,0,1,0
184889,0,0,1,0
184910,0,0,1,0
184963,0,0,1,0
184981,0,0,1,0
184984,0,0,1,0
184991,0,0,1,0
185115,0,0,1,0
185253,0,0,1,0
185266,0,0,1,0
185459,0,0,1,0
185618,0,0,1,0
185699,0,0,1,0
185759,0,0,1,0
185827,0,0,1,0
185846,0,0,1,0
185849,0,0,1,0
185882,0,0,1,0
186091,0,0,1,0
186115,0,0,1,0
186173,0,0,1,0
186194,0,0,1,0
186290,0,0,1,0
186324,0,0,1,0
186402,0,0,1,0
186729,0,0,1,0
186742,0,0,1,0
187009,0,0,1,0
187014,0,0,1,0
187029,0,0,1,0
187032,0,0,1,0
187190,0,0,1,0
187271,0,0,1,0
187287,0,0,1,0
187427,0,0,1,0
187545,0,0,1,0
187669,0,0,1,0
187697,0,0,1,0
187698,0,0,1,0
187749,0,0,1,0
187773,0,0,1,0
187790,0,0,1,0
187860,0,0,1,0
188109,0,0,1,0
188111,0,0,1,0
188251,0,0,1,0
188546,0,0,1,0
188598,0,0,1,0
188621,0,0,1,0
188939,0,0,1,0
188940,0,0,1,0
188998,0,0,1,0
189000,0,0,1,0
189074,0,0,1,0
189158,0,0,1,0
189168,0,0,1,0
189450,0,0,1,0
189560,0,0,1,0
189649,0,0,1,0
189700,0,0,1,0
189795,0,0,1,0
189919,0,0,1,0
189942,0,0,1,0
190052,0,0,1,0
190131,0,0,1,0
190133,0,0,1,0
190184,0,0,1,0
190322,0,0,1,0
190353,0,0,1,0
190456,0,0,1,0
190486,0,0,1,0
190534,0,0,1,0
190632,0,0,1,0
190646,0,0,1,0
190653,0,0,1,0
190783,0,0,1,0
190821,0,0,1,0
190859,0,0,1,0
190908,0,0,1,0
191009,0,0,1,0
191044,0,0,1,0
191060,0,0,1,0
191081,0,0,1,0
191107,0,0,1,0
191153,0,0,1,0
191187,0,0,1,0
191200,0,0,1,0
191229,0,0,1,0
191256,0,0,1,0
191329,0,0,1,0
191338,0,0,1,0
191387,0,0,1,0
191393,0,0,1,0
191427,0,0,1,0
191466,0,0,1,0
191532,0,0,1,0
191550,0,0,1,0
191553,0,0,1,0
191663,0,0,1,0
191683,0,0,1,0
191694,0,0,1,0
191761,0,0,1,0
191872,0,0,1,0
191908,0,0,1,0
191930,0,0,1,0
191994,0,0,1,0
192078,0,0,1,0
192269,0,0,1,0
192278,0,0,1,0
192356,0,0,1,0
192358,0,0,1,0
192371,0,0,1,0
192430,0,0,1,0
192518,0,0,1,0
192662,0,0,1,0
192742,0,0,1,0
192841,0,0,1,0
193024,0,0,1,0
193097,0,0,1,0
193229,0,0,1,0
193257,0,0,1,0
193287,0,0,1,0
193297,0,0,1,0
193333,0,0,1,0
193353,0,0,1,0
193544,0,0,1,0
193633,0,0,1,0
193781,0,0,1,0
193852,0,0,1,0
193873,0,0,1,0
194062,0,0,1,0
194118,0,0,1,0
194133,0,0,1,0
194276,0,0,1,0
194287,0,0,1,0
194428,0,0,1,0
194483,0,0,1,0
194674,0,0,1,0
194710,0,0,1,0
194783,0,0,1,0
194846,0,0,1,0
194914,0,0,1,0
194939,0,0,1,0
194950,0,0,1,0
195099,0,0,1,0
195233,0,0,1,0
195262,0,0,1,0
195432,0,0,1,0
195547,0,0,1,0
195578,0,0,1,0
195601,0,0,1,0
195607,0,0,1,0
195728,0,0,1,0
195764,0,0,1,0
195925,0,0,1,0
195955,0,0,1,0
196055,0,0,1,0
196065,0,0,1,0
196085,0,0,1,0
196099,0,0,1,0
196126,0,0,1,0
196221,0,0,1,0
196403,0,0,1,0
196571,0,0,1,0
196766,0,0,1,0
196814,0,0,1,0
197068,0,0,1,0
197151,0,0,1,0
197154,0,0,1,0
197528,0,0,1,0
197529,0,0,1,0
197541,0,0,1,0
197573,0,0,1,0
197625,0,0,1,0
197849,0,0,1,0
197882,0,0,1,0
197894,0,0,1,0
197931,0,0,1,0
197965,0,0,1,0
198023,0,0,1,0
198029,0,0,1,0
198046,0,0,1,0
198121,0,0,1,0
198143,0,0,1,0
198172,0,0,1,0
198184,0,0,1,0
198189,0,0,1,0
198463,0,0,1,0
198512,0,0,1,0
198605,0,0,1,0
198673,0,0,1,0
198691,0,0,1,0
198708,0,0,1,0
198709,0,0,1,0
198826,0,0,1,0
198876,0,0,1,0
198886,0,0,1,0
198923,0,0,1,0
199484,0,0,1,0
199490,0,0,1,0
199530,0,0,1,0
199702,0,0,1,0
199739,0,0,1,0
199996,0,0,1,0
200028,0,0,1,0
200153,0,0,1,0
200194,0,0,1,0
200238,0,0,1,0
200293,0,0,1,0
200539,0,0,1,0
200557,0,0,1,0
200885,0,0,1,0
200952,0,0,1,0
201183,0,0,1,0
201210,0,0,1,0
201276,0,0,1,0
201330,0,0,1,0
201547,0,0,1,0
201585,0,0,1,0
201612,0,0,1,0
201627,0,0,1,0
201651,0,0,1,0
201662,0,0,1,0
201665,0,0,1,0
201719,0,0,1,0
201723,0,0,1,0
201843,0,0,1,0
201902,0,0,1,0
201917,0,0,1,0
201927,0,0,1,0
202008,0,0,1,0
202064,0,0,1,0
202482,0,0,1,0
202563,0,0,1,0
202569,0,0,1,0
202579,0,0,1,0
202671,0,0,1,0
202716,0,0,1,0
202717,0,0,1,0
202871,0,0,1,0
202894,0,0,1,0
202957,0,0,1,0
203137,0,0,1,0
203314,0,0,1,0
203361,0,0,1,0
203445,0,0,1,0
203508,0,0,1,0
203670,0,0,1,0
203762,0,0,1,0
204049,0,0,1,0
204055,0,0,1,0
204064,0,0,1,0
204535,0,0,1,0
204618,0,0,1,0
204736,0,0,0,1
204909,0,0,1,0
205663,0,0,1,0
205697,0,0,1,0
205732,0,0,1,0
205762,0,0,1,0
205882,0,0,1,0
205958,0,0,1,0
206001,0,0,1,0
206041,0,0,1,0
206066,0,0,1,0
206190,0,0,1,0
206206,0,0,1,0
206377,0,0,1,0
206447,0,0,1,0
206557,0,0,1,0
206671,0,0,1,0
206893,0,0,1,0
206924,0,0,1,0
206926,0,0,1,0
206948,0,0,1,0
207182,0,0,1,0
207224,0,0,1,0
207230,0,0,1,0
207266,0,0,1,0
207301,0,0,1,0
207384,0,0,1,0
207424,0,0,1,0
207453,0,0,1,0
207534,0,0,1,0
207568,0,0,1,0
207608,0,0,1,0
207624,0,0,1,0
207795,0,0,1,0
207805,0,0,1,0
207818,0,0,1,0
207953,0,0,1,0
208084,0,0,1,0
208095,0,0,1,0
208161,0,0,1,0
208174,0,0,1,0
208373,0,0,1,0
208497,0,0,1,0
208529,0,0,1,0
208600,0,0,1,0
208963,0,0,1,0
209014,0,0,1,0
209025,0,0,1,0
209026,0,0,1,0
209050,0,0,1,0
209333,0,0,1,0
209344,0,0,1,0
209384,0,0,1,0
209399,0,0,1,0
209563,0,0,1,0
209573,0,0,1,0
209575,0,0,1,0
209595,0,0,1,0
209619,0,0,1,0
209629,0,0,1,0
209706,0,0,1,0
209790,0,0,1,0
209881,0,0,1,0
209997,0,0,1,0
210224,0,0,1,0
210377,0,0,1,0
210379,0,0,1,0
210383,0,0,1,0
210435,0,0,1,0
210489,0,0,1,0
210533,0,0,1,0
210640,0,0,1,0
210854,0,0,1,0
211116,0,0,1,0
211247,0,0,1,0
211342,0,0,1,0
211401,0,0,1,0
